"STATION","NAME","LATITUDE","LONGITUDE","ELEVATION","DATE","PRCP","SNOW","SNWD","TMAX","TMIN","TOBS","WSFG"
"USC00200230","ANN ARBOR U OF MICH, MI US","42.29806","-83.66388","247.8","2020-01-01","0.04","0.4","1.0","37","22","30","32.0"
"USC00200230","ANN ARBOR U OF MICH, MI US","42.29806","-83.66388","247.8","2020-01-02","0.00","0.0","0.0","47","28","42",
"USC00200230","ANN ARBOR U OF MICH, MI US","42.29806","-83.66388","247.8","2020-01-03","0.00","0.0","0.0","44","37","39",
"USC00200230","ANN ARBOR U OF MICH, MI US","42.29806","-83.66388","247.8","2020-01-04","0.03","0.3","0.0","39","30","31",
"USC00200230","ANN ARBOR U OF MICH, MI US","42.29806","-83.66388","247.8","2020-01-05","0.04","0.6","1.0","32","29","31","44.1"
"USC00200230","ANN ARBOR U OF MICH, MI US","42.29806","-83.66388","247.8","2020-01-06","0.01","0.1","0.0","44","29","37","38.9"
"USC00200230","ANN ARBOR U OF MICH, MI US","42.29806","-83.66388","247.8","2020-01-07","0.02","0.2","0.0","43","24","33","31.1"
"USC00200230","ANN ARBOR U OF MICH, MI US","42.29806","-83.66388","247.8","2020-01-08","0.14","1.8","2.0","33","18","18","33.1"
"USC00200230","ANN ARBOR U OF MICH, MI US","42.29806","-83.66388","247.8","2020-01-09","0.00","0.0","1.0","39","7","37","42.1"
"USC00200230","ANN ARBOR U OF MICH, MI US","42.29806","-83.66388","247.8","2020-01-10","0.03","0.0","0.0","48","37","47","32.0"
"USC00200230","ANN ARBOR U OF MICH, MI US","42.29806","-83.66388","247.8","2020-01-11","2.37","0.0","0.0","54","34","34","34.9"
"USC00200230","ANN ARBOR U OF MICH, MI US","42.29806","-83.66388","247.8","2020-01-12","0.38","0.7","0.0","34","21","27","32.0"
"USC00200230","ANN ARBOR U OF MICH, MI US","42.29806","-83.66388","247.8","2020-01-13","0.03","0.4","0.0","36","26","33",
"USC00200230","ANN ARBOR U OF MICH, MI US","42.29806","-83.66388","247.8","2020-01-14","0.00","0.0","0.0","40","30","38",
"USC00200230","ANN ARBOR U OF MICH, MI US","42.29806","-83.66388","247.8","2020-01-15","0.01","0.0","0.0","41","23","35","32.0"
"USC00200230","ANN ARBOR U OF MICH, MI US","42.29806","-83.66388","247.8","2020-01-16","0.02","0.0","0.0","35","24","24","36.0"
"USC00200230","ANN ARBOR U OF MICH, MI US","42.29806","-83.66388","247.8","2020-01-17","0.00","0.0","0.0","27","14","23",
"USC00200230","ANN ARBOR U OF MICH, MI US","42.29806","-83.66388","247.8","2020-01-18","0.98","6.4","4.0","38","23","34","40.9"
"USC00200230","ANN ARBOR U OF MICH, MI US","42.29806","-83.66388","247.8","2020-01-19","0.10","1.8","5.0","34","15","19","36.9"
"USC00200230","ANN ARBOR U OF MICH, MI US","42.29806","-83.66388","247.8","2020-01-20","0.00","0.0","5.0","26","10","20",
"USC00200230","ANN ARBOR U OF MICH, MI US","42.29806","-83.66388","247.8","2020-01-21","0.00","0.0","4.0","32","15","26",
"USC00200230","ANN ARBOR U OF MICH, MI US","42.29806","-83.66388","247.8","2020-01-22","0.00","0.0","4.0","31","12","27",
"USC00200230","ANN ARBOR U OF MICH, MI US","42.29806","-83.66388","247.8","2020-01-23","0.00","0.0","4.0","38","20","35",
"USC00200230","ANN ARBOR U OF MICH, MI US","42.29806","-83.66388","247.8","2020-01-24","0.53","0.0","3.0","36","32","35",
"USC00200230","ANN ARBOR U OF MICH, MI US","42.29806","-83.66388","247.8","2020-01-25","0.13","0.1","2.0","36","32","33",
"USC00200230","ANN ARBOR U OF MICH, MI US","42.29806","-83.66388","247.8","2020-01-26","0.08","0.6","2.0","35","32","33",
"USC00200230","ANN ARBOR U OF MICH, MI US","42.29806","-83.66388","247.8","2020-01-27","0.03","0.0","2.0","34","32","34",
"USC00200230","ANN ARBOR U OF MICH, MI US","42.29806","-83.66388","247.8","2020-01-28","0.00","0.1","1.0","34","31","32",
"USC00200230","ANN ARBOR U OF MICH, MI US","42.29806","-83.66388","247.8","2020-01-29","0.00","0.0","1.0","32","28","29",
"USC00200230","ANN ARBOR U OF MICH, MI US","42.29806","-83.66388","247.8","2020-01-30","0.00","0.1","1.0","32","28","30",
"USC00200230","ANN ARBOR U OF MICH, MI US","42.29806","-83.66388","247.8","2020-01-31","0.01","0.1","1.0","32","28","31",
"USC00200230","ANN ARBOR U OF MICH, MI US","42.29806","-83.66388","247.8","2020-02-01","0.07","1.0","1.0","33","16","32",
"USC00200230","ANN ARBOR U OF MICH, MI US","42.29806","-83.66388","247.8","2020-02-02","0.01","0.1","0.0","51","31","45","36.0"
"USC00200230","ANN ARBOR U OF MICH, MI US","42.29806","-83.66388","247.8","2020-02-03","0.00","0.0","0.0","53","26","44",
"USC00200230","ANN ARBOR U OF MICH, MI US","42.29806","-83.66388","247.8","2020-02-04","0.00","0.0","0.0","44","32","32",
"USC00200230","ANN ARBOR U OF MICH, MI US","42.29806","-83.66388","247.8","2020-02-05","0.00","0.0","0.0","32","21","27",
"USC00200230","ANN ARBOR U OF MICH, MI US","42.29806","-83.66388","247.8","2020-02-06","0.21","2.3","2.0","27","23","25",
"USC00200230","ANN ARBOR U OF MICH, MI US","42.29806","-83.66388","247.8","2020-02-07","0.08","1.3","3.0","34","24","29",
"USC00200230","ANN ARBOR U OF MICH, MI US","42.29806","-83.66388","247.8","2020-02-08","0.06","2.1","4.0","31","23","28",
"USC00200230","ANN ARBOR U OF MICH, MI US","42.29806","-83.66388","247.8","2020-02-09","0.07","1.0","4.0","33","17","30",
"USC00200230","ANN ARBOR U OF MICH, MI US","42.29806","-83.66388","247.8","2020-02-10","0.16","0.9","4.0","35","29","32",
"USC00200230","ANN ARBOR U OF MICH, MI US","42.29806","-83.66388","247.8","2020-02-11","0.00","0.0","2.0","37","25","33","36.0"
"USC00200230","ANN ARBOR U OF MICH, MI US","42.29806","-83.66388","247.8","2020-02-12","0.00","0.0","2.0","33","17","31",
"USC00200230","ANN ARBOR U OF MICH, MI US","42.29806","-83.66388","247.8","2020-02-13","0.14","2.4","4.0","32","19","19",
"USC00200230","ANN ARBOR U OF MICH, MI US","42.29806","-83.66388","247.8","2020-02-14","0.00","0.1","4.0","23","-4","18",
"USC00200230","ANN ARBOR U OF MICH, MI US","42.29806","-83.66388","247.8","2020-02-15","0.00","0.0","3.0","28","5","28","34.9"
"USC00200230","ANN ARBOR U OF MICH, MI US","42.29806","-83.66388","247.8","2020-02-16","0.01","0.2","2.0","42","28","37",
"USC00200230","ANN ARBOR U OF MICH, MI US","42.29806","-83.66388","247.8","2020-02-17","0.00","0.0","1.0","37","17","31",
"USC00200230","ANN ARBOR U OF MICH, MI US","42.29806","-83.66388","247.8","2020-02-18","0.12","1.5","1.0","38","29","33","42.9"
"USC00200230","ANN ARBOR U OF MICH, MI US","42.29806","-83.66388","247.8","2020-02-19","0.00","0.0","1.0","33","19","27",
"USC00200230","ANN ARBOR U OF MICH, MI US","42.29806","-83.66388","247.8","2020-02-20","0.00","0.0","0.0","27","13","20",
"USC00200230","ANN ARBOR U OF MICH, MI US","42.29806","-83.66388","247.8","2020-02-21","0.00","0.0","0.0","36","9","32","30.0"
"USC00200230","ANN ARBOR U OF MICH, MI US","42.29806","-83.66388","247.8","2020-02-22","0.00","0.0","0.0","48","21","42","32.0"
"USC00200230","ANN ARBOR U OF MICH, MI US","42.29806","-83.66388","247.8","2020-02-23","0.00","0.0","0.0","53","25","47","31.1"
"USC00200230","ANN ARBOR U OF MICH, MI US","42.29806","-83.66388","247.8","2020-02-24","0.00","0.0","0.0","47","27","42",
"USC00200230","ANN ARBOR U OF MICH, MI US","42.29806","-83.66388","247.8","2020-02-25","0.12","0.2","0.0","42","33","37",
"USC00200230","ANN ARBOR U OF MICH, MI US","42.29806","-83.66388","247.8","2020-02-26","0.51","6.3","6.0","37","24","24","30.0"
"USC00200230","ANN ARBOR U OF MICH, MI US","42.29806","-83.66388","247.8","2020-02-27","0.16","1.6","7.0","26","18","22","40.0"
"USC00200230","ANN ARBOR U OF MICH, MI US","42.29806","-83.66388","247.8","2020-02-28","0.00","0.0","5.0","28","19","24","34.9"
"USC00200230","ANN ARBOR U OF MICH, MI US","42.29806","-83.66388","247.8","2020-02-29","0.00","0.0","4.0","35","18","32",
"USC00200230","ANN ARBOR U OF MICH, MI US","42.29806","-83.66388","247.8","2020-03-01","0.00","0.0","2.0","46","12","44",
"USC00200230","ANN ARBOR U OF MICH, MI US","42.29806","-83.66388","247.8","2020-03-02","0.06","0.0","0.0","52","36","47",
"USC00200230","ANN ARBOR U OF MICH, MI US","42.29806","-83.66388","247.8","2020-03-03","0.00","0.0","0.0","49","26","44","34.9"
"USC00200230","ANN ARBOR U OF MICH, MI US","42.29806","-83.66388","247.8","2020-03-04","0.00","0.0","0.0","47","25","42","30.0"
"USC00200230","ANN ARBOR U OF MICH, MI US","42.29806","-83.66388","247.8","2020-03-05","0.00","0.0","0.0","49","19","46",
"USC00200230","ANN ARBOR U OF MICH, MI US","42.29806","-83.66388","247.8","2020-03-06","0.07","0.0","0.0","46","29","31","36.9"
"USC00200230","ANN ARBOR U OF MICH, MI US","42.29806","-83.66388","247.8","2020-03-07","0.00","0.0","0.0","46","16","41",
"USC00200230","ANN ARBOR U OF MICH, MI US","42.29806","-83.66388","247.8","2020-03-08","0.00","0.0","0.0","60","30","58","31.1"
"USC00200230","ANN ARBOR U OF MICH, MI US","42.29806","-83.66388","247.8","2020-03-09","0.00","0.0","0.0","62","35","57","30.0"
"USC00200230","ANN ARBOR U OF MICH, MI US","42.29806","-83.66388","247.8","2020-03-10","0.25","0.0","0.0","57","38","47","30.0"
"USC00200230","ANN ARBOR U OF MICH, MI US","42.29806","-83.66388","247.8","2020-03-11","0.02","0.0","0.0","47","27","40",
"USC00200230","ANN ARBOR U OF MICH, MI US","42.29806","-83.66388","247.8","2020-03-12","0.00","0.0","0.0","52","37","49",
"USC00200230","ANN ARBOR U OF MICH, MI US","42.29806","-83.66388","247.8","2020-03-13","0.01","0.0","0.0","49","37","44","46.1"
"USC00200230","ANN ARBOR U OF MICH, MI US","42.29806","-83.66388","247.8","2020-03-14","0.00","0.0","0.0","44","29","37",
"USC00200230","ANN ARBOR U OF MICH, MI US","42.29806","-83.66388","247.8","2020-03-15","0.00","0.0","0.0","47","27","44",
"USC00200230","ANN ARBOR U OF MICH, MI US","42.29806","-83.66388","247.8","2020-03-16","0.01","0.0","0.0","48","20","41",
"USC00200230","ANN ARBOR U OF MICH, MI US","42.29806","-83.66388","247.8","2020-03-17","0.00","0.0","0.0","51","37","47",
"USC00200230","ANN ARBOR U OF MICH, MI US","42.29806","-83.66388","247.8","2020-03-18","0.18","0.0","0.0","47","25","38",
"USC00200230","ANN ARBOR U OF MICH, MI US","42.29806","-83.66388","247.8","2020-03-19","0.38","0.0","0.0","44","38","44",
"USC00200230","ANN ARBOR U OF MICH, MI US","42.29806","-83.66388","247.8","2020-03-20","0.33","0.0","0.0","62","36","36","38.9"
"USC00200230","ANN ARBOR U OF MICH, MI US","42.29806","-83.66388","247.8","2020-03-21","0.00","0.0","0.0","38","25","36",
"USC00200230","ANN ARBOR U OF MICH, MI US","42.29806","-83.66388","247.8","2020-03-22","0.00","0.0","0.0","39","16","36",
"USC00200230","ANN ARBOR U OF MICH, MI US","42.29806","-83.66388","247.8","2020-03-23","0.26","2.4","0.0","40","30","38",
"USC00200230","ANN ARBOR U OF MICH, MI US","42.29806","-83.66388","247.8","2020-03-24","0.00","0.0","0.0","44","34","41",
"USC00200230","ANN ARBOR U OF MICH, MI US","42.29806","-83.66388","247.8","2020-03-25","0.00","0.0","0.0","57","26","55",
"USC00200230","ANN ARBOR U OF MICH, MI US","42.29806","-83.66388","247.8","2020-03-26","0.01","0.0","0.0","57","41","53",
"USC00200230","ANN ARBOR U OF MICH, MI US","42.29806","-83.66388","247.8","2020-03-27","0.21","0.0","0.0","53","36","46",
"USC00200230","ANN ARBOR U OF MICH, MI US","42.29806","-83.66388","247.8","2020-03-28","1.84","0.0","0.0","49","39","49",
"USC00200230","ANN ARBOR U OF MICH, MI US","42.29806","-83.66388","247.8","2020-03-29","0.49","0.0","0.0","62","45","47","48.1"
"USC00200230","ANN ARBOR U OF MICH, MI US","42.29806","-83.66388","247.8","2020-03-30","0.02","0.0","0.0","47","39","42","33.1"
"USC00200230","ANN ARBOR U OF MICH, MI US","42.29806","-83.66388","247.8","2020-03-31","0.00","0.0","0.0","42","37","41",
"USC00200230","ANN ARBOR U OF MICH, MI US","42.29806","-83.66388","247.8","2020-04-01","0.04","0.0","0.0","49","39","48",
"USC00200230","ANN ARBOR U OF MICH, MI US","42.29806","-83.66388","247.8","2020-04-02","0.00","0.0","0.0","60","32","59",
"USC00200230","ANN ARBOR U OF MICH, MI US","42.29806","-83.66388","247.8","2020-04-03","0.00","0.0","0.0","63","29","61",
"USC00200230","ANN ARBOR U OF MICH, MI US","42.29806","-83.66388","247.8","2020-04-04","0.00","0.0","0.0","61","30","53",
"USC00200230","ANN ARBOR U OF MICH, MI US","42.29806","-83.66388","247.8","2020-04-05","0.05","0.0","0.0","57","38","54",
"USC00200230","ANN ARBOR U OF MICH, MI US","42.29806","-83.66388","247.8","2020-04-06","0.00","0.0","0.0","60","26","55",
"USC00200230","ANN ARBOR U OF MICH, MI US","42.29806","-83.66388","247.8","2020-04-07","0.31","0.0","0.0","71","41","68","38.9"
"USC00200230","ANN ARBOR U OF MICH, MI US","42.29806","-83.66388","247.8","2020-04-08","0.60","0.0","0.0","70","50","67","33.1"
"USC00200230","ANN ARBOR U OF MICH, MI US","42.29806","-83.66388","247.8","2020-04-09","0.15","0.2","0.0","67","37","42","40.9"
"USC00200230","ANN ARBOR U OF MICH, MI US","42.29806","-83.66388","247.8","2020-04-10","0.04","0.8","0.0","45","31","41","36.9"
"USC00200230","ANN ARBOR U OF MICH, MI US","42.29806","-83.66388","247.8","2020-04-11","0.00","0.0","0.0","57","24","54",
"USC00200230","ANN ARBOR U OF MICH, MI US","42.29806","-83.66388","247.8","2020-04-12","0.06","0.0","0.0","60","43","60",
"USC00200230","ANN ARBOR U OF MICH, MI US","42.29806","-83.66388","247.8","2020-04-13","0.19","0.0","0.0","60","40","40","45.0"
"USC00200230","ANN ARBOR U OF MICH, MI US","42.29806","-83.66388","247.8","2020-04-14","0.00","0.0","0.0","42","24","37","34.9"
"USC00200230","ANN ARBOR U OF MICH, MI US","42.29806","-83.66388","247.8","2020-04-15","0.14","1.8","0.0","38","22","35","30.0"
"USC00200230","ANN ARBOR U OF MICH, MI US","42.29806","-83.66388","247.8","2020-04-16","0.00","0.1","0.0","43","20","41",
"USC00200230","ANN ARBOR U OF MICH, MI US","42.29806","-83.66388","247.8","2020-04-17","0.33","5.0","3.0","41","26","34",
"USC00200230","ANN ARBOR U OF MICH, MI US","42.29806","-83.66388","247.8","2020-04-18","0.00","0.0","0.0","53","28","51","36.0"
"USC00200230","ANN ARBOR U OF MICH, MI US","42.29806","-83.66388","247.8","2020-04-19","0.00","0.0","0.0","63","40","56",
"USC00200230","ANN ARBOR U OF MICH, MI US","42.29806","-83.66388","247.8","2020-04-20","0.00","0.0","0.0","58","23","56","34.0"
"USC00200230","ANN ARBOR U OF MICH, MI US","42.29806","-83.66388","247.8","2020-04-21","0.09","0.0","0.0","56","32","39","40.9"
"USC00200230","ANN ARBOR U OF MICH, MI US","42.29806","-83.66388","247.8","2020-04-22","0.02","0.2","0.0","39","20","35",
"USC00200230","ANN ARBOR U OF MICH, MI US","42.29806","-83.66388","247.8","2020-04-23","0.23","0.0","0.0","43","33","41",
"USC00200230","ANN ARBOR U OF MICH, MI US","42.29806","-83.66388","247.8","2020-04-24","0.01","0.0","0.0","57","37","56",
"USC00200230","ANN ARBOR U OF MICH, MI US","42.29806","-83.66388","247.8","2020-04-25","0.00","0.0","0.0","58","32","51",
"USC00200230","ANN ARBOR U OF MICH, MI US","42.29806","-83.66388","247.8","2020-04-26","0.00","0.0","0.0","63","46","60","38.0"
"USC00200230","ANN ARBOR U OF MICH, MI US","42.29806","-83.66388","247.8","2020-04-27","0.00","0.0","0.0","63","28","60",
"USC00200230","ANN ARBOR U OF MICH, MI US","42.29806","-83.66388","247.8","2020-04-28","0.04","0.0","0.0","71","41","65",
"USC00200230","ANN ARBOR U OF MICH, MI US","42.29806","-83.66388","247.8","2020-04-29","0.26","0.0","0.0","67","52","65","36.9"
"USC00200230","ANN ARBOR U OF MICH, MI US","42.29806","-83.66388","247.8","2020-04-30","0.16","0.0","0.0","65","44","48",
"USC00200230","ANN ARBOR U OF MICH, MI US","42.29806","-83.66388","247.8","2020-05-01","0.13","0.0","0.0","65","42","64",
"USC00200230","ANN ARBOR U OF MICH, MI US","42.29806","-83.66388","247.8","2020-05-02","0.00","0.0","0.0","78","48","76","34.9"
"USC00200230","ANN ARBOR U OF MICH, MI US","42.29806","-83.66388","247.8","2020-05-03","0.00","0.0","0.0","76","53","67","31.1"
"USC00200230","ANN ARBOR U OF MICH, MI US","42.29806","-83.66388","247.8","2020-05-04","0.00","0.0","0.0","67","39","56",
"USC00200230","ANN ARBOR U OF MICH, MI US","42.29806","-83.66388","247.8","2020-05-05","0.00","0.0","0.0","56","37","50",
"USC00200230","ANN ARBOR U OF MICH, MI US","42.29806","-83.66388","247.8","2020-05-06","0.00","0.0","0.0","60","36","58",
"USC00200230","ANN ARBOR U OF MICH, MI US","42.29806","-83.66388","247.8","2020-05-07","0.00","0.0","0.0","65","33","59","38.9"
"USC00200230","ANN ARBOR U OF MICH, MI US","42.29806","-83.66388","247.8","2020-05-08","0.00","0.0","0.0","59","35","41","34.9"
"USC00200230","ANN ARBOR U OF MICH, MI US","42.29806","-83.66388","247.8","2020-05-09","0.00","0.0","0.0","51","26","49","38.0"
"USC00200230","ANN ARBOR U OF MICH, MI US","42.29806","-83.66388","247.8","2020-05-10","0.07","0.0","0.0","61","37","47","38.9"
"USC00200230","ANN ARBOR U OF MICH, MI US","42.29806","-83.66388","247.8","2020-05-11","0.44","0.0","0.0","47","34","43",
"USC00200230","ANN ARBOR U OF MICH, MI US","42.29806","-83.66388","247.8","2020-05-12","0.01","0.1","0.0","58","28","57","32.0"
"USC00200230","ANN ARBOR U OF MICH, MI US","42.29806","-83.66388","247.8","2020-05-13","0.00","0.0","0.0","60","26","58",
"USC00200230","ANN ARBOR U OF MICH, MI US","42.29806","-83.66388","247.8","2020-05-14","0.62","0.0","0.0","60","42","60",
"USC00200230","ANN ARBOR U OF MICH, MI US","42.29806","-83.66388","247.8","2020-05-15","0.72","0.0","0.0","70","53","69",
"USC00200230","ANN ARBOR U OF MICH, MI US","42.29806","-83.66388","247.8","2020-05-16","0.00","0.0","0.0","71","49","69",
"USC00200230","ANN ARBOR U OF MICH, MI US","42.29806","-83.66388","247.8","2020-05-17","0.17","0.0","0.0","69","51","58",
"USC00200230","ANN ARBOR U OF MICH, MI US","42.29806","-83.66388","247.8","2020-05-18","1.29","0.0","0.0","60","54","59",
"USC00200230","ANN ARBOR U OF MICH, MI US","42.29806","-83.66388","247.8","2020-05-19","0.54","0.0","0.0","66","54","61",
"USC00200230","ANN ARBOR U OF MICH, MI US","42.29806","-83.66388","247.8","2020-05-20","0.00","0.0","0.0","67","46","64",
"USC00200230","ANN ARBOR U OF MICH, MI US","42.29806","-83.66388","247.8","2020-05-21","0.00","0.0","0.0","69","50","66",
"USC00200230","ANN ARBOR U OF MICH, MI US","42.29806","-83.66388","247.8","2020-05-22","0.06","0.0","0.0","66","55","65",
"USC00200230","ANN ARBOR U OF MICH, MI US","42.29806","-83.66388","247.8","2020-05-23","0.00","0.0","0.0","74","55","71",
"USC00200230","ANN ARBOR U OF MICH, MI US","42.29806","-83.66388","247.8","2020-05-24","0.00","0.0","0.0","86","57","83",
"USC00200230","ANN ARBOR U OF MICH, MI US","42.29806","-83.66388","247.8","2020-05-25","0.00","0.0","0.0","87","59","85",
"USC00200230","ANN ARBOR U OF MICH, MI US","42.29806","-83.66388","247.8","2020-05-26","0.00","0.0","0.0","88","61","86",
"USC00200230","ANN ARBOR U OF MICH, MI US","42.29806","-83.66388","247.8","2020-05-27","0.00","0.0","0.0","86","59","81",
"USC00200230","ANN ARBOR U OF MICH, MI US","42.29806","-83.66388","247.8","2020-05-28","0.02","0.0","0.0","81","67","76",
"USC00200230","ANN ARBOR U OF MICH, MI US","42.29806","-83.66388","247.8","2020-05-29","0.03","0.0","0.0","76","58","69",
"USC00200230","ANN ARBOR U OF MICH, MI US","42.29806","-83.66388","247.8","2020-05-30","0.00","0.0","0.0","69","53","66",
"USC00200230","ANN ARBOR U OF MICH, MI US","42.29806","-83.66388","247.8","2020-05-31","0.00","0.0","0.0","66","40","64",
"USC00200230","ANN ARBOR U OF MICH, MI US","42.29806","-83.66388","247.8","2020-06-01","0.00","0.0","0.0","73","36","68",
"USC00200230","ANN ARBOR U OF MICH, MI US","42.29806","-83.66388","247.8","2020-06-02","0.13","0.0","0.0","88","53","86","30.0"
"USC00200230","ANN ARBOR U OF MICH, MI US","42.29806","-83.66388","247.8","2020-06-03","0.00","0.0","0.0","86","69","81","36.9"
"USC00200230","ANN ARBOR U OF MICH, MI US","42.29806","-83.66388","247.8","2020-06-04","0.00","0.0","0.0","85","53","83",
"USC00200230","ANN ARBOR U OF MICH, MI US","42.29806","-83.66388","247.8","2020-06-05","0.00","0.0","0.0","88","53","82",
"USC00200230","ANN ARBOR U OF MICH, MI US","42.29806","-83.66388","247.8","2020-06-06","0.00","0.0","0.0","82","58","77",
"USC00200230","ANN ARBOR U OF MICH, MI US","42.29806","-83.66388","247.8","2020-06-07","0.00","0.0","0.0","77","46","74",
"USC00200230","ANN ARBOR U OF MICH, MI US","42.29806","-83.66388","247.8","2020-06-08","0.00","0.0","0.0","83","48","80",
"USC00200230","ANN ARBOR U OF MICH, MI US","42.29806","-83.66388","247.8","2020-06-09","0.00","0.0","0.0","90","50","86","33.1"
"USC00200230","ANN ARBOR U OF MICH, MI US","42.29806","-83.66388","247.8","2020-06-10","0.38","0.0","0.0","90","66","67","61.1"
"USC00200230","ANN ARBOR U OF MICH, MI US","42.29806","-83.66388","247.8","2020-06-11","0.14","0.0","0.0","77","58","74","38.9"
"USC00200230","ANN ARBOR U OF MICH, MI US","42.29806","-83.66388","247.8","2020-06-12","0.03","0.0","0.0","74","54","69",
"USC00200230","ANN ARBOR U OF MICH, MI US","42.29806","-83.66388","247.8","2020-06-13","0.00","0.0","0.0","69","47","66",
"USC00200230","ANN ARBOR U OF MICH, MI US","42.29806","-83.66388","247.8","2020-06-14","0.00","0.0","0.0","71","38","70",
"USC00200230","ANN ARBOR U OF MICH, MI US","42.29806","-83.66388","247.8","2020-06-15","0.00","0.0","0.0","77","41","74",
"USC00200230","ANN ARBOR U OF MICH, MI US","42.29806","-83.66388","247.8","2020-06-16","0.00","0.0","0.0","82","47","80",
"USC00200230","ANN ARBOR U OF MICH, MI US","42.29806","-83.66388","247.8","2020-06-17","0.00","0.0","0.0","85","47","82",
"USC00200230","ANN ARBOR U OF MICH, MI US","42.29806","-83.66388","247.8","2020-06-18","0.00","0.0","0.0","87","50","84",
"USC00200230","ANN ARBOR U OF MICH, MI US","42.29806","-83.66388","247.8","2020-06-19","0.00","0.0","0.0","88","55","85",
"USC00200230","ANN ARBOR U OF MICH, MI US","42.29806","-83.66388","247.8","2020-06-20","0.00","0.0","0.0","91","57","86",
"USC00200230","ANN ARBOR U OF MICH, MI US","42.29806","-83.66388","247.8","2020-06-21","0.00","0.0","0.0","86","61","76",
"USC00200230","ANN ARBOR U OF MICH, MI US","42.29806","-83.66388","247.8","2020-06-22","0.05","0.0","0.0","85","66","80",
"USC00200230","ANN ARBOR U OF MICH, MI US","42.29806","-83.66388","247.8","2020-06-23","0.41","0.0","0.0","80","63","68","40.9"
"USC00200230","ANN ARBOR U OF MICH, MI US","42.29806","-83.66388","247.8","2020-06-24","0.00","0.0","0.0","75","56","72",
"USC00200230","ANN ARBOR U OF MICH, MI US","42.29806","-83.66388","247.8","2020-06-25","0.01","0.0","0.0","80","50","78",
"USC00200230","ANN ARBOR U OF MICH, MI US","42.29806","-83.66388","247.8","2020-06-26","0.03","0.0","0.0","85","52","78","42.9"
"USC00200230","ANN ARBOR U OF MICH, MI US","42.29806","-83.66388","247.8","2020-06-27","1.93","0.0","0.0","86","64","84",
"USC00200230","ANN ARBOR U OF MICH, MI US","42.29806","-83.66388","247.8","2020-06-28","0.00","0.0","0.0","85","57","83",
"USC00200230","ANN ARBOR U OF MICH, MI US","42.29806","-83.66388","247.8","2020-06-29","0.00","0.0","0.0","87","58","84",
"USC00200230","ANN ARBOR U OF MICH, MI US","42.29806","-83.66388","247.8","2020-06-30","0.00","0.0","0.0","88","57","86",
"USC00200230","ANN ARBOR U OF MICH, MI US","42.29806","-83.66388","247.8","2020-07-01","0.00","0.0","0.0","87","59","85",
"USC00200230","ANN ARBOR U OF MICH, MI US","42.29806","-83.66388","247.8","2020-07-02","0.00","0.0","0.0","90","59","86",
"USC00200230","ANN ARBOR U OF MICH, MI US","42.29806","-83.66388","247.8","2020-07-03","0.00","0.0","0.0","92","62","89",
"USC00200230","ANN ARBOR U OF MICH, MI US","42.29806","-83.66388","247.8","2020-07-04","0.00","0.0","0.0","90","64","88",
"USC00200230","ANN ARBOR U OF MICH, MI US","42.29806","-83.66388","247.8","2020-07-05","0.00","0.0","0.0","90","57","89",
"USC00200230","ANN ARBOR U OF MICH, MI US","42.29806","-83.66388","247.8","2020-07-06","0.00","0.0","0.0","92","64","89",
"USC00200230","ANN ARBOR U OF MICH, MI US","42.29806","-83.66388","247.8","2020-07-07","0.00","0.0","0.0","94","62","91",
"USC00200230","ANN ARBOR U OF MICH, MI US","42.29806","-83.66388","247.8","2020-07-08","0.10","0.0","0.0","92","66","76","38.0"
"USC00200230","ANN ARBOR U OF MICH, MI US","42.29806","-83.66388","247.8","2020-07-09","0.00","0.0","0.0","93","66","89",
"USC00200230","ANN ARBOR U OF MICH, MI US","42.29806","-83.66388","247.8","2020-07-10","0.04","0.0","0.0","89","66","76","36.9"
"USC00200230","ANN ARBOR U OF MICH, MI US","42.29806","-83.66388","247.8","2020-07-11","0.88","0.0","0.0","84","63","81",
"USC00200230","ANN ARBOR U OF MICH, MI US","42.29806","-83.66388","247.8","2020-07-12","0.00","0.0","0.0","81","60","78",
"USC00200230","ANN ARBOR U OF MICH, MI US","42.29806","-83.66388","247.8","2020-07-13","0.00","0.0","0.0","80","57","78",
"USC00200230","ANN ARBOR U OF MICH, MI US","42.29806","-83.66388","247.8","2020-07-14","0.00","0.0","0.0","85","55","80",
"USC00200230","ANN ARBOR U OF MICH, MI US","42.29806","-83.66388","247.8","2020-07-15","0.00","0.0","0.0","88","59","83",
"USC00200230","ANN ARBOR U OF MICH, MI US","42.29806","-83.66388","247.8","2020-07-16","0.72","0.0","0.0","83","69","75",
"USC00200230","ANN ARBOR U OF MICH, MI US","42.29806","-83.66388","247.8","2020-07-17","0.00","0.0","0.0","86","62","85",
"USC00200230","ANN ARBOR U OF MICH, MI US","42.29806","-83.66388","247.8","2020-07-18","0.00","0.0","0.0","90","61","88",
"USC00200230","ANN ARBOR U OF MICH, MI US","42.29806","-83.66388","247.8","2020-07-19","0.81","0.0","0.0","88","70","76","50.1"
"USC00200230","ANN ARBOR U OF MICH, MI US","42.29806","-83.66388","247.8","2020-07-20","0.00","0.0","0.0","85","66","81",
"USC00200230","ANN ARBOR U OF MICH, MI US","42.29806","-83.66388","247.8","2020-07-21","0.00","0.0","0.0","83","64","82",
"USC00200230","ANN ARBOR U OF MICH, MI US","42.29806","-83.66388","247.8","2020-07-22","0.01","0.0","0.0","83","69","81",
"USC00200230","ANN ARBOR U OF MICH, MI US","42.29806","-83.66388","247.8","2020-07-23","0.00","0.0","0.0","83","66","81",
"USC00200230","ANN ARBOR U OF MICH, MI US","42.29806","-83.66388","247.8","2020-07-24","0.00","0.0","0.0","83","56","80",
"USC00200230","ANN ARBOR U OF MICH, MI US","42.29806","-83.66388","247.8","2020-07-25","0.00","0.0","0.0","87","66","84",
"USC00200230","ANN ARBOR U OF MICH, MI US","42.29806","-83.66388","247.8","2020-07-26","0.00","0.0","0.0","90","66","87",
"USC00200230","ANN ARBOR U OF MICH, MI US","42.29806","-83.66388","247.8","2020-07-27","0.00","0.0","0.0","87","75","82",
"USC00200230","ANN ARBOR U OF MICH, MI US","42.29806","-83.66388","247.8","2020-07-28","0.00","0.0","0.0","86","62","84",
"USC00200230","ANN ARBOR U OF MICH, MI US","42.29806","-83.66388","247.8","2020-07-29","0.94","0.0","0.0","85","64","82","30.0"
"USC00200230","ANN ARBOR U OF MICH, MI US","42.29806","-83.66388","247.8","2020-07-30","0.00","0.0","0.0","83","62","79",
"USC00200230","ANN ARBOR U OF MICH, MI US","42.29806","-83.66388","247.8","2020-07-31","0.00","0.0","0.0","83","57","79",
"USC00200230","ANN ARBOR U OF MICH, MI US","42.29806","-83.66388","247.8","2020-08-01","0.06","0.0","0.0","79","57","71",
"USC00200230","ANN ARBOR U OF MICH, MI US","42.29806","-83.66388","247.8","2020-08-02","1.53","0.0","0.0","73","66","73",
"USC00200230","ANN ARBOR U OF MICH, MI US","42.29806","-83.66388","247.8","2020-08-03","0.00","0.0","0.0","82","58","78",
"USC00200230","ANN ARBOR U OF MICH, MI US","42.29806","-83.66388","247.8","2020-08-04","0.00","0.0","0.0","78","62","67",
"USC00200230","ANN ARBOR U OF MICH, MI US","42.29806","-83.66388","247.8","2020-08-05","0.04","0.0","0.0","75","52","73",
"USC00200230","ANN ARBOR U OF MICH, MI US","42.29806","-83.66388","247.8","2020-08-06","0.00","0.0","0.0","79","50","74",
"USC00200230","ANN ARBOR U OF MICH, MI US","42.29806","-83.66388","247.8","2020-08-07","0.00","0.0","0.0","81","49","77",
"USC00200230","ANN ARBOR U OF MICH, MI US","42.29806","-83.66388","247.8","2020-08-08","0.00","0.0","0.0","83","51","81",
"USC00200230","ANN ARBOR U OF MICH, MI US","42.29806","-83.66388","247.8","2020-08-09","0.00","0.0","0.0","88","60","86",
"USC00200230","ANN ARBOR U OF MICH, MI US","42.29806","-83.66388","247.8","2020-08-10","0.00","0.0","0.0","88","65","85",
"USC00200230","ANN ARBOR U OF MICH, MI US","42.29806","-83.66388","247.8","2020-08-11","0.00","0.0","0.0","85","70","79",
"USC00200230","ANN ARBOR U OF MICH, MI US","42.29806","-83.66388","247.8","2020-08-12","0.00","0.0","0.0","86","53","84",
"USC00200230","ANN ARBOR U OF MICH, MI US","42.29806","-83.66388","247.8","2020-08-13","0.00","0.0","0.0","87","51","84",
"USC00200230","ANN ARBOR U OF MICH, MI US","42.29806","-83.66388","247.8","2020-08-14","1.11","0.0","0.0","86","60","72",
"USC00200230","ANN ARBOR U OF MICH, MI US","42.29806","-83.66388","247.8","2020-08-15","0.00","0.0","0.0","87","63","83",
"USC00200230","ANN ARBOR U OF MICH, MI US","42.29806","-83.66388","247.8","2020-08-16","0.03","0.0","0.0","83","67","78",
"USC00200230","ANN ARBOR U OF MICH, MI US","42.29806","-83.66388","247.8","2020-08-17","0.00","0.0","0.0","80","55","78",
"USC00200230","ANN ARBOR U OF MICH, MI US","42.29806","-83.66388","247.8","2020-08-18","0.00","0.0","0.0","78","54","74",
"USC00200230","ANN ARBOR U OF MICH, MI US","42.29806","-83.66388","247.8","2020-08-19","0.00","0.0","0.0","76","48","73",
"USC00200230","ANN ARBOR U OF MICH, MI US","42.29806","-83.66388","247.8","2020-08-20","0.00","0.0","0.0","82","48","79",
"USC00200230","ANN ARBOR U OF MICH, MI US","42.29806","-83.66388","247.8","2020-08-21","0.00","0.0","0.0","87","54","85",
"USC00200230","ANN ARBOR U OF MICH, MI US","42.29806","-83.66388","247.8","2020-08-22","0.00","0.0","0.0","90","57","87",
"USC00200230","ANN ARBOR U OF MICH, MI US","42.29806","-83.66388","247.8","2020-08-23","0.00","0.0","0.0","89","57","84",
"USC00200230","ANN ARBOR U OF MICH, MI US","42.29806","-83.66388","247.8","2020-08-24","0.00","0.0","0.0","91","59","86",
"USC00200230","ANN ARBOR U OF MICH, MI US","42.29806","-83.66388","247.8","2020-08-25","0.00","0.0","0.0","86","70","81",
"USC00200230","ANN ARBOR U OF MICH, MI US","42.29806","-83.66388","247.8","2020-08-26","0.34","0.0","0.0","87","62","86",
"USC00200230","ANN ARBOR U OF MICH, MI US","42.29806","-83.66388","247.8","2020-08-27","0.00","0.0","0.0","91","74","88","36.0"
"USC00200230","ANN ARBOR U OF MICH, MI US","42.29806","-83.66388","247.8","2020-08-28","1.37","0.0","0.0","88","68","74","31.1"
"USC00200230","ANN ARBOR U OF MICH, MI US","42.29806","-83.66388","247.8","2020-08-29","0.53","0.0","0.0","78","65","74","33.1"
"USC00200230","ANN ARBOR U OF MICH, MI US","42.29806","-83.66388","247.8","2020-08-30","0.00","0.0","0.0","75","50","72",
"USC00200230","ANN ARBOR U OF MICH, MI US","42.29806","-83.66388","247.8","2020-08-31","0.00","0.0","0.0","80","51","77",
"USC00200230","ANN ARBOR U OF MICH, MI US","42.29806","-83.66388","247.8","2020-09-01","0.00","0.0","0.0","84","56","79",
"USC00200230","ANN ARBOR U OF MICH, MI US","42.29806","-83.66388","247.8","2020-09-02","0.21","0.0","0.0","80","65","75",
"USC00200230","ANN ARBOR U OF MICH, MI US","42.29806","-83.66388","247.8","2020-09-03","0.00","0.0","0.0","84","64","79","34.9"
"USC00200230","ANN ARBOR U OF MICH, MI US","42.29806","-83.66388","247.8","2020-09-04","0.00","0.0","0.0","79","48","71","30.0"
"USC00200230","ANN ARBOR U OF MICH, MI US","42.29806","-83.66388","247.8","2020-09-05","0.00","0.0","0.0","78","47","75",
"USC00200230","ANN ARBOR U OF MICH, MI US","42.29806","-83.66388","247.8","2020-09-06","0.00","0.0","0.0","75","45","71",
"USC00200230","ANN ARBOR U OF MICH, MI US","42.29806","-83.66388","247.8","2020-09-07","0.22","0.0","0.0","81","64","76","34.0"
"USC00200230","ANN ARBOR U OF MICH, MI US","42.29806","-83.66388","247.8","2020-09-08","1.15","0.0","0.0","76","55","60",
"USC00200230","ANN ARBOR U OF MICH, MI US","42.29806","-83.66388","247.8","2020-09-09","0.01","0.0","0.0","68","56","67",
"USC00200230","ANN ARBOR U OF MICH, MI US","42.29806","-83.66388","247.8","2020-09-10","0.01","0.0","0.0","67","59","62",
"USC00200230","ANN ARBOR U OF MICH, MI US","42.29806","-83.66388","247.8","2020-09-11","0.01","0.0","0.0","69","53","66",
"USC00200230","ANN ARBOR U OF MICH, MI US","42.29806","-83.66388","247.8","2020-09-12","0.00","0.0","0.0","80","52","76",
"USC00200230","ANN ARBOR U OF MICH, MI US","42.29806","-83.66388","247.8","2020-09-13","0.31","0.0","0.0","76","63","71",
"USC00200230","ANN ARBOR U OF MICH, MI US","42.29806","-83.66388","247.8","2020-09-14","0.00","0.0","0.0","71","50","63",
"USC00200230","ANN ARBOR U OF MICH, MI US","42.29806","-83.66388","247.8","2020-09-15","0.00","0.0","0.0","71","41","67",
"USC00200230","ANN ARBOR U OF MICH, MI US","42.29806","-83.66388","247.8","2020-09-16","0.00","0.0","0.0","78","46","73",
"USC00200230","ANN ARBOR U OF MICH, MI US","42.29806","-83.66388","247.8","2020-09-17","0.00","0.0","0.0","73","54","64",
"USC00200230","ANN ARBOR U OF MICH, MI US","42.29806","-83.66388","247.8","2020-09-18","0.00","0.0","0.0","64","42","58",
"USC00200230","ANN ARBOR U OF MICH, MI US","42.29806","-83.66388","247.8","2020-09-19","0.00","0.0","0.0","64","29","60",
"USC00200230","ANN ARBOR U OF MICH, MI US","42.29806","-83.66388","247.8","2020-09-20","0.00","0.0","0.0","68","34","63",
"USC00200230","ANN ARBOR U OF MICH, MI US","42.29806","-83.66388","247.8","2020-09-21","0.00","0.0","0.0","72","36","64",
"USC00200230","ANN ARBOR U OF MICH, MI US","42.29806","-83.66388","247.8","2020-09-22","0.00","0.0","0.0","77","38","72",
"USC00200230","ANN ARBOR U OF MICH, MI US","42.29806","-83.66388","247.8","2020-09-23","0.00","0.0","0.0","79","46","73",
"USC00200230","ANN ARBOR U OF MICH, MI US","42.29806","-83.66388","247.8","2020-09-24","0.00","0.0","0.0","77","50","73",
"USC00200230","ANN ARBOR U OF MICH, MI US","42.29806","-83.66388","247.8","2020-09-25","0.00","0.0","0.0","80","46","73",
"USC00200230","ANN ARBOR U OF MICH, MI US","42.29806","-83.66388","247.8","2020-09-26","0.00","0.0","0.0","81","48","74",
"USC00200230","ANN ARBOR U OF MICH, MI US","42.29806","-83.66388","247.8","2020-09-27","0.00","0.0","0.0","76","60","72",
"USC00200230","ANN ARBOR U OF MICH, MI US","42.29806","-83.66388","247.8","2020-09-28","0.13","0.0","0.0","72","54","54",
"USC00200230","ANN ARBOR U OF MICH, MI US","42.29806","-83.66388","247.8","2020-09-29","0.01","0.0","0.0","63","42","60",
"USC00200230","ANN ARBOR U OF MICH, MI US","42.29806","-83.66388","247.8","2020-09-30","0.20","0.0","0.0","63","42","54","46.1"
"USC00200230","ANN ARBOR U OF MICH, MI US","42.29806","-83.66388","247.8","2020-10-01","0.11","0.0","0.0","61","39","54","31.1"
"USC00200230","ANN ARBOR U OF MICH, MI US","42.29806","-83.66388","247.8","2020-10-02","0.12","0.0","0.0","56","36","50",
"USC00200230","ANN ARBOR U OF MICH, MI US","42.29806","-83.66388","247.8","2020-10-03","0.00","0.0","0.0","56","35","51",
"USC00200230","ANN ARBOR U OF MICH, MI US","42.29806","-83.66388","247.8","2020-10-04","0.14","0.0","0.0","54","45","51",
"USC00200230","ANN ARBOR U OF MICH, MI US","42.29806","-83.66388","247.8","2020-10-05","0.00","0.0","0.0","60","38","57",
"USC00200230","ANN ARBOR U OF MICH, MI US","42.29806","-83.66388","247.8","2020-10-06","0.00","0.0","0.0","69","43","66",
"USC00200230","ANN ARBOR U OF MICH, MI US","42.29806","-83.66388","247.8","2020-10-07","0.00","0.0","0.0","72","49","66","42.9"
"USC00200230","ANN ARBOR U OF MICH, MI US","42.29806","-83.66388","247.8","2020-10-08","0.00","0.0","0.0","70","35","66",
"USC00200230","ANN ARBOR U OF MICH, MI US","42.29806","-83.66388","247.8","2020-10-09","0.00","0.0","0.0","79","33","75",
"USC00200230","ANN ARBOR U OF MICH, MI US","42.29806","-83.66388","247.8","2020-10-10","0.00","0.0","0.0","75","59","70","31.1"
"USC00200230","ANN ARBOR U OF MICH, MI US","42.29806","-83.66388","247.8","2020-10-11","0.00","0.0","0.0","70","50","61",
"USC00200230","ANN ARBOR U OF MICH, MI US","42.29806","-83.66388","247.8","2020-10-12","0.00","0.0","0.0","70","49","66","36.9"
"USC00200230","ANN ARBOR U OF MICH, MI US","42.29806","-83.66388","247.8","2020-10-13","0.24","0.0","0.0","68","36","62",
"USC00200230","ANN ARBOR U OF MICH, MI US","42.29806","-83.66388","247.8","2020-10-14","0.00","0.0","0.0","62","34","57","31.1"
"USC00200230","ANN ARBOR U OF MICH, MI US","42.29806","-83.66388","247.8","2020-10-15","0.06","0.0","0.0","63","48","48","30.0"
"USC00200230","ANN ARBOR U OF MICH, MI US","42.29806","-83.66388","247.8","2020-10-16","0.00","0.0","0.0","56","24","50","31.1"
"USC00200230","ANN ARBOR U OF MICH, MI US","42.29806","-83.66388","247.8","2020-10-17","0.00","0.0","0.0","56","26","51",
"USC00200230","ANN ARBOR U OF MICH, MI US","42.29806","-83.66388","247.8","2020-10-18","0.03","0.0","0.0","62","45","52",
"USC00200230","ANN ARBOR U OF MICH, MI US","42.29806","-83.66388","247.8","2020-10-19","0.21","0.0","0.0","53","39","44",
"USC00200230","ANN ARBOR U OF MICH, MI US","42.29806","-83.66388","247.8","2020-10-20","0.16","0.0","0.0","55","37","50",
"USC00200230","ANN ARBOR U OF MICH, MI US","42.29806","-83.66388","247.8","2020-10-21","0.24","0.0","0.0","58","47","55","30.0"
"USC00200230","ANN ARBOR U OF MICH, MI US","42.29806","-83.66388","247.8","2020-10-22","0.66","0.0","0.0","58","42","58",
"USC00200230","ANN ARBOR U OF MICH, MI US","42.29806","-83.66388","247.8","2020-10-23","0.42","0.0","0.0","77","47","63","48.1"
"USC00200230","ANN ARBOR U OF MICH, MI US","42.29806","-83.66388","247.8","2020-10-24","0.00","0.0","0.0","63","34","43","30.0"
"USC00200230","ANN ARBOR U OF MICH, MI US","42.29806","-83.66388","247.8","2020-10-25","0.00","0.0","0.0","46","29","44",
"USC00200230","ANN ARBOR U OF MICH, MI US","42.29806","-83.66388","247.8","2020-10-26","0.02","0.0","0.0","45","40","43",
"USC00200230","ANN ARBOR U OF MICH, MI US","42.29806","-83.66388","247.8","2020-10-27","0.12","0.0","0.0","43","37","37",
"USC00200230","ANN ARBOR U OF MICH, MI US","42.29806","-83.66388","247.8","2020-10-28","0.05","0.0","0.0","54","36","49",
"USC00200230","ANN ARBOR U OF MICH, MI US","42.29806","-83.66388","247.8","2020-10-29","0.00","0.0","0.0","51","36","44",
"USC00200230","ANN ARBOR U OF MICH, MI US","42.29806","-83.66388","247.8","2020-10-30","0.00","0.0","0.0","44","35","37",
"USC00200230","ANN ARBOR U OF MICH, MI US","42.29806","-83.66388","247.8","2020-10-31","0.00","0.0","0.0","51","23","48",
"USC00200230","ANN ARBOR U OF MICH, MI US","42.29806","-83.66388","247.8","2020-11-01","0.09","0.1","0.0","48","30","32","47.0"
"USC00200230","ANN ARBOR U OF MICH, MI US","42.29806","-83.66388","247.8","2020-11-02","0.00","0.0","0.0","47","26","43","36.0"
"USC00200230","ANN ARBOR U OF MICH, MI US","42.29806","-83.66388","247.8","2020-11-03","0.00","0.0","0.0","61","36","52",
"USC00200230","ANN ARBOR U OF MICH, MI US","42.29806","-83.66388","247.8","2020-11-04","0.00","0.0","0.0","71","39","62",
"USC00200230","ANN ARBOR U OF MICH, MI US","42.29806","-83.66388","247.8","2020-11-05","0.00","0.0","0.0","65","44","59",
"USC00200230","ANN ARBOR U OF MICH, MI US","42.29806","-83.66388","247.8","2020-11-06","0.00","0.0","0.0","73","37","61",
"USC00200230","ANN ARBOR U OF MICH, MI US","42.29806","-83.66388","247.8","2020-11-07","0.00","0.0","0.0","72","37","57",
"USC00200230","ANN ARBOR U OF MICH, MI US","42.29806","-83.66388","247.8","2020-11-08","0.00","0.0","0.0","75","33","60",
"USC00200230","ANN ARBOR U OF MICH, MI US","42.29806","-83.66388","247.8","2020-11-09","0.00","0.0","0.0","78","39","69",
"USC00200230","ANN ARBOR U OF MICH, MI US","42.29806","-83.66388","247.8","2020-11-10","0.00","0.0","0.0","78","52","73","38.9"
"USC00200230","ANN ARBOR U OF MICH, MI US","42.29806","-83.66388","247.8","2020-11-11","0.14","0.0","0.0","73","39","39","34.9"
"USC00200230","ANN ARBOR U OF MICH, MI US","42.29806","-83.66388","247.8","2020-11-12","0.00","0.0","0.0","51","24","40",
"USC00200230","ANN ARBOR U OF MICH, MI US","42.29806","-83.66388","247.8","2020-11-13","0.01","0.0","0.0","46","29","36","30.0"
"USC00200230","ANN ARBOR U OF MICH, MI US","42.29806","-83.66388","247.8","2020-11-14","0.00","0.0","0.0","40","17","38",
"USC00200230","ANN ARBOR U OF MICH, MI US","42.29806","-83.66388","247.8","2020-11-15","0.78","0.0","0.0","53","38","40","61.1"
"USC00200230","ANN ARBOR U OF MICH, MI US","42.29806","-83.66388","247.8","2020-11-16","0.00","0.0","0.0","46","35","39","38.9"
"USC00200230","ANN ARBOR U OF MICH, MI US","42.29806","-83.66388","247.8","2020-11-17","0.04","0.3","0.0","39","31","33","34.0"
"USC00200230","ANN ARBOR U OF MICH, MI US","42.29806","-83.66388","247.8","2020-11-18","0.00","0.0","0.0","43","18","38",
"USC00200230","ANN ARBOR U OF MICH, MI US","42.29806","-83.66388","247.8","2020-11-19","0.00","0.0","0.0","65","36","57","36.9"
"USC00200230","ANN ARBOR U OF MICH, MI US","42.29806","-83.66388","247.8","2020-11-20","0.00","0.0","0.0","66","49","56","30.0"
"USC00200230","ANN ARBOR U OF MICH, MI US","42.29806","-83.66388","247.8","2020-11-21","0.00","0.0","0.0","56","29","37",
"USC00200230","ANN ARBOR U OF MICH, MI US","42.29806","-83.66388","247.8","2020-11-22","0.52","3.1","2.0","37","27","32",
"USC00200230","ANN ARBOR U OF MICH, MI US","42.29806","-83.66388","247.8","2020-11-23","0.03","0.2","0.0","44","31","38",
"USC00200230","ANN ARBOR U OF MICH, MI US","42.29806","-83.66388","247.8","2020-11-24","0.15","0.4","0.0","39","19","32",
"USC00200230","ANN ARBOR U OF MICH, MI US","42.29806","-83.66388","247.8","2020-11-25","0.35","0.0","0.0","46","32","46",
"USC00200230","ANN ARBOR U OF MICH, MI US","42.29806","-83.66388","247.8","2020-11-26","0.11","0.0","0.0","50","44","44",
"USC00200230","ANN ARBOR U OF MICH, MI US","42.29806","-83.66388","247.8","2020-11-27","0.00","0.0","0.0","44","39","42","34.0"
"USC00200230","ANN ARBOR U OF MICH, MI US","42.29806","-83.66388","247.8","2020-11-28","0.00","0.0","0.0","48","27","38",
"USC00200230","ANN ARBOR U OF MICH, MI US","42.29806","-83.66388","247.8","2020-11-29","0.00","0.0","0.0","49","27","40",
"USC00200230","ANN ARBOR U OF MICH, MI US","42.29806","-83.66388","247.8","2020-11-30","0.27","2.0","2.0","41","29","29","34.0"
"USC00200230","ANN ARBOR U OF MICH, MI US","42.29806","-83.66388","247.8","2020-12-01","0.10","1.3","2.0","33","26","33","31.1"
"USC00200230","ANN ARBOR U OF MICH, MI US","42.29806","-83.66388","247.8","2020-12-02","0.00","0.0","0.0","45","28","37",
"USC00200230","ANN ARBOR U OF MICH, MI US","42.29806","-83.66388","247.8","2020-12-03","0.00","0.0","0.0","48","29","40","34.0"
"USC00200230","ANN ARBOR U OF MICH, MI US","42.29806","-83.66388","247.8","2020-12-04","0.00","0.0","0.0","48","35","37","31.1"
"USC00200230","ANN ARBOR U OF MICH, MI US","42.29806","-83.66388","247.8","2020-12-05","0.00","0.0","0.0","37","28","31",
"USC00200230","ANN ARBOR U OF MICH, MI US","42.29806","-83.66388","247.8","2020-12-06","0.00","0.0","0.0","31","18","29",
"USC00200230","ANN ARBOR U OF MICH, MI US","42.29806","-83.66388","247.8","2020-12-07","0.00","0.0","0.0","33","27","31",
"USC00200230","ANN ARBOR U OF MICH, MI US","42.29806","-83.66388","247.8","2020-12-08","0.00","0.0","0.0","37","16","33",
"USC00200230","ANN ARBOR U OF MICH, MI US","42.29806","-83.66388","247.8","2020-12-09","0.00","0.0","0.0","42","33","35",
"USC00200230","ANN ARBOR U OF MICH, MI US","42.29806","-83.66388","247.8","2020-12-10","0.00","0.0","0.0","49","21","38",
"USC00200230","ANN ARBOR U OF MICH, MI US","42.29806","-83.66388","247.8","2020-12-11","0.00","0.0","0.0","52","26","44",
"USC00200230","ANN ARBOR U OF MICH, MI US","42.29806","-83.66388","247.8","2020-12-12","0.66","0.0","0.0","54","40","45","44.1"
"USC00200230","ANN ARBOR U OF MICH, MI US","42.29806","-83.66388","247.8","2020-12-13","0.00","0.0","0.0","45","29","34",
"USC00200230","ANN ARBOR U OF MICH, MI US","42.29806","-83.66388","247.8","2020-12-14","0.00","0.0","0.0","34","29","29","34.9"
"USC00200230","ANN ARBOR U OF MICH, MI US","42.29806","-83.66388","247.8","2020-12-15","0.00","0.0","0.0","30","14","24",
"USC00200230","ANN ARBOR U OF MICH, MI US","42.29806","-83.66388","247.8","2020-12-16","0.09","1.1","1.0","29","21","26",
"USC00200230","ANN ARBOR U OF MICH, MI US","42.29806","-83.66388","247.8","2020-12-17","0.05","0.7","1.0","30","25","29",
"USC00200230","ANN ARBOR U OF MICH, MI US","42.29806","-83.66388","247.8","2020-12-18","0.02","0.4","2.0","31","20","27",
"USC00200230","ANN ARBOR U OF MICH, MI US","42.29806","-83.66388","247.8","2020-12-19","0.02","0.2","1.0","36","24","34",
"USC00200230","ANN ARBOR U OF MICH, MI US","42.29806","-83.66388","247.8","2020-12-20","0.01","0.0","0.0","37","29","29",
"USC00200230","ANN ARBOR U OF MICH, MI US","42.29806","-83.66388","247.8","2020-12-21","0.05","0.2","0.0","37","26","34",
"USC00200230","ANN ARBOR U OF MICH, MI US","42.29806","-83.66388","247.8","2020-12-22","0.03","0.0","0.0","39","32","32",
"USC00200230","ANN ARBOR U OF MICH, MI US","42.29806","-83.66388","247.8","2020-12-23","0.05","0.0","0.0","51","27","48","36.0"
"USC00200230","ANN ARBOR U OF MICH, MI US","42.29806","-83.66388","247.8","2020-12-24","0.06","0.2","0.0","50","20","20","46.1"
"USC00200230","ANN ARBOR U OF MICH, MI US","42.29806","-83.66388","247.8","2020-12-25","0.13","2.2","2.0","23","17","23","36.0"
"USC00200230","ANN ARBOR U OF MICH, MI US","42.29806","-83.66388","247.8","2020-12-26","0.01","0.2","1.0","26","19","26",
"USC00200230","ANN ARBOR U OF MICH, MI US","42.29806","-83.66388","247.8","2020-12-27","0.00","0.0","1.0","35","17","33",
"USC00200230","ANN ARBOR U OF MICH, MI US","42.29806","-83.66388","247.8","2020-12-28","0.13","0.0","0.0","42","28","28","46.1"
"USC00200230","ANN ARBOR U OF MICH, MI US","42.29806","-83.66388","247.8","2020-12-29","0.01","0.3","0.0","30","14","28",
"USC00200230","ANN ARBOR U OF MICH, MI US","42.29806","-83.66388","247.8","2020-12-30","0.25","1.2","0.0","41","26","36","34.9"
"USC00200230","ANN ARBOR U OF MICH, MI US","42.29806","-83.66388","247.8","2020-12-31","0.00","0.0","0.0","36","25","25",
