"STATION","NAME","LATITUDE","LONGITUDE","ELEVATION","DATE","AWND","PGTM","PRCP","SNOW","SNWD","TAVG","TMAX","TMIN","WDF2","WDF5","WSF2","WSF5"
"USW00024229","PORTLAND INTERNATIONAL AIRPORT, OR US","45.5958","-122.6093","5.8","2020-01-01","7.38",,"0.15","0.0","0.0","51","56","47","  230","  210","18.1","23.0"
"USW00024229","PORTLAND INTERNATIONAL AIRPORT, OR US","45.5958","-122.6093","5.8","2020-01-02","7.38",,"0.04","0.0","0.0","47","53","43","  200","  200","21.9","28.0"
"USW00024229","PORTLAND INTERNATIONAL AIRPORT, OR US","45.5958","-122.6093","5.8","2020-01-03","11.41",,"0.12","0.0","0.0","50","62","44","  280","  340","25.1","35.1"
"USW00024229","PORTLAND INTERNATIONAL AIRPORT, OR US","45.5958","-122.6093","5.8","2020-01-04","9.84",,"0.16","0.0","0.0","47","49","41","  200","  200","21.9","27.1"
"USW00024229","PORTLAND INTERNATIONAL AIRPORT, OR US","45.5958","-122.6093","5.8","2020-01-05","10.51",,"0.26","0.0","0.0","45","49","42","  200","  200","25.1","33.1"
"USW00024229","PORTLAND INTERNATIONAL AIRPORT, OR US","45.5958","-122.6093","5.8","2020-01-06","18.12",,"0.22","0.0","0.0","46","52","45","  200","  200","30.0","36.0"
"USW00024229","PORTLAND INTERNATIONAL AIRPORT, OR US","45.5958","-122.6093","5.8","2020-01-07","15.43",,"0.11","0.0","0.0","52","58","47","  180","  200","25.9","36.9"
"USW00024229","PORTLAND INTERNATIONAL AIRPORT, OR US","45.5958","-122.6093","5.8","2020-01-08","4.70",,"0.32","0.0","0.0","47","48","36","  240","  320","13.0","18.1"
"USW00024229","PORTLAND INTERNATIONAL AIRPORT, OR US","45.5958","-122.6093","5.8","2020-01-09","4.47",,"0.00","0.0","0.0","40","42","36","  200","  200","13.0","14.1"
"USW00024229","PORTLAND INTERNATIONAL AIRPORT, OR US","45.5958","-122.6093","5.8","2020-01-10","12.97",,"0.41","0.0","0.0","42","48","40","  210","  210","25.1","35.1"
"USW00024229","PORTLAND INTERNATIONAL AIRPORT, OR US","45.5958","-122.6093","5.8","2020-01-11","11.41",,"0.19","0.0","0.0","46","47","42","  280","  290","25.1","30.0"
"USW00024229","PORTLAND INTERNATIONAL AIRPORT, OR US","45.5958","-122.6093","5.8","2020-01-12","13.42",,"0.26","0.0","0.0","44","47","39","  300","  310","23.0","27.1"
"USW00024229","PORTLAND INTERNATIONAL AIRPORT, OR US","45.5958","-122.6093","5.8","2020-01-13","6.93",,"0.18","0.0","0.0","40","40","36","  200","  190","18.1","21.0"
"USW00024229","PORTLAND INTERNATIONAL AIRPORT, OR US","45.5958","-122.6093","5.8","2020-01-14","6.49",,"0.04","0.0","0.0","38","41","32","  260","  250","18.1","21.0"
"USW00024229","PORTLAND INTERNATIONAL AIRPORT, OR US","45.5958","-122.6093","5.8","2020-01-15","16.33",,"0.23","0.0","0.0","35","42","33","  110","  110","35.1","42.1"
"USW00024229","PORTLAND INTERNATIONAL AIRPORT, OR US","45.5958","-122.6093","5.8","2020-01-16","6.93",,"0.26","0.0","0.0","36","43","32","  110","  120","16.1","19.9"
"USW00024229","PORTLAND INTERNATIONAL AIRPORT, OR US","45.5958","-122.6093","5.8","2020-01-17","9.62",,"0.19","0.0","0.0","36","43","30","  110","  120","18.1","21.9"
"USW00024229","PORTLAND INTERNATIONAL AIRPORT, OR US","45.5958","-122.6093","5.8","2020-01-18","14.99",,"0.45","0.0","0.0","39","42","37","  110","  110","21.9","25.1"
"USW00024229","PORTLAND INTERNATIONAL AIRPORT, OR US","45.5958","-122.6093","5.8","2020-01-19","13.20",,"0.00","0.0","0.0","44","52","42","  120","  130","19.9","23.9"
"USW00024229","PORTLAND INTERNATIONAL AIRPORT, OR US","45.5958","-122.6093","5.8","2020-01-20","10.51",,"0.00","0.0","0.0","45","47","43","  110","  120","19.9","25.1"
"USW00024229","PORTLAND INTERNATIONAL AIRPORT, OR US","45.5958","-122.6093","5.8","2020-01-21","12.08",,"0.22","0.0","0.0","46","52","42","  190","  190","28.0","36.0"
"USW00024229","PORTLAND INTERNATIONAL AIRPORT, OR US","45.5958","-122.6093","5.8","2020-01-22","10.51",,"0.09","0.0","0.0","46","47","45","  110","  120","18.1","23.0"
"USW00024229","PORTLAND INTERNATIONAL AIRPORT, OR US","45.5958","-122.6093","5.8","2020-01-23","11.63",,"0.92","0.0","0.0","46","55","45","  110","  210","19.9","23.0"
"USW00024229","PORTLAND INTERNATIONAL AIRPORT, OR US","45.5958","-122.6093","5.8","2020-01-24","9.84",,"0.16","0.0","0.0","51","56","46","  210","  220","19.9","27.1"
"USW00024229","PORTLAND INTERNATIONAL AIRPORT, OR US","45.5958","-122.6093","5.8","2020-01-25","10.51",,"0.19","0.0","0.0","51","58","47","  120","  130","19.9","23.9"
"USW00024229","PORTLAND INTERNATIONAL AIRPORT, OR US","45.5958","-122.6093","5.8","2020-01-26","10.29",,"0.50","0.0","0.0","51","56","45","  190","  210","21.0","27.1"
"USW00024229","PORTLAND INTERNATIONAL AIRPORT, OR US","45.5958","-122.6093","5.8","2020-01-27","11.18",,"0.89","0.0","0.0","47","53","42","  110","  110","23.9","27.1"
"USW00024229","PORTLAND INTERNATIONAL AIRPORT, OR US","45.5958","-122.6093","5.8","2020-01-28","10.51",,"0.38","0.0","0.0","49","53","48","  190","  140","18.1","25.1"
"USW00024229","PORTLAND INTERNATIONAL AIRPORT, OR US","45.5958","-122.6093","5.8","2020-01-29","7.16",,"0.45","0.0","0.0","48","49","46","  110","  110","17.0","19.9"
"USW00024229","PORTLAND INTERNATIONAL AIRPORT, OR US","45.5958","-122.6093","5.8","2020-01-30","8.28",,"0.19","0.0","0.0","46","53","41","  120","  110","18.1","21.0"
"USW00024229","PORTLAND INTERNATIONAL AIRPORT, OR US","45.5958","-122.6093","5.8","2020-01-31","11.63",,"0.00","0.0","0.0","54","62","50","  210","  210","23.0","30.0"
"USW00024229","PORTLAND INTERNATIONAL AIRPORT, OR US","45.5958","-122.6093","5.8","2020-02-01","11.41",,"0.25","0.0","0.0","56","58","40","  190","  200","28.0","36.9"
"USW00024229","PORTLAND INTERNATIONAL AIRPORT, OR US","45.5958","-122.6093","5.8","2020-02-02","1.34",,"0.00","0.0","0.0","40","45","30","  110","  110","8.1","8.9"
"USW00024229","PORTLAND INTERNATIONAL AIRPORT, OR US","45.5958","-122.6093","5.8","2020-02-03","2.46",,"0.02","0.0","0.0","37","46","30","  310","  300","8.9","13.0"
"USW00024229","PORTLAND INTERNATIONAL AIRPORT, OR US","45.5958","-122.6093","5.8","2020-02-04","6.49",,"0.00","0.0","0.0","35","43","28","  200","  200","15.0","19.9"
"USW00024229","PORTLAND INTERNATIONAL AIRPORT, OR US","45.5958","-122.6093","5.8","2020-02-05","5.59",,"0.15","0.0","0.0","44","52","42","  190","  190","16.1","21.0"
"USW00024229","PORTLAND INTERNATIONAL AIRPORT, OR US","45.5958","-122.6093","5.8","2020-02-06","9.62",,"0.02","0.0","0.0","52","59","50","  220","  220","18.1","23.9"
"USW00024229","PORTLAND INTERNATIONAL AIRPORT, OR US","45.5958","-122.6093","5.8","2020-02-07","13.42",,"0.05","0.0","0.0","53","56","44","  200","  200","25.1","29.1"
"USW00024229","PORTLAND INTERNATIONAL AIRPORT, OR US","45.5958","-122.6093","5.8","2020-02-08","6.49",,"0.09","0.0","0.0","47","47","40","  220","  210","18.1","23.0"
"USW00024229","PORTLAND INTERNATIONAL AIRPORT, OR US","45.5958","-122.6093","5.8","2020-02-09","3.13",,"0.00","0.0","0.0","41","47","37","  320","  310","12.1","14.1"
"USW00024229","PORTLAND INTERNATIONAL AIRPORT, OR US","45.5958","-122.6093","5.8","2020-02-10","4.47",,"0.00","0.0","0.0","42","52","37","  290","  290","14.1","15.0"
"USW00024229","PORTLAND INTERNATIONAL AIRPORT, OR US","45.5958","-122.6093","5.8","2020-02-11","4.25",,"0.00","0.0","0.0","40","44","33","  110","  110","8.9","10.1"
"USW00024229","PORTLAND INTERNATIONAL AIRPORT, OR US","45.5958","-122.6093","5.8","2020-02-12","2.91",,"0.00","0.0","0.0","44","52","34","  290","  280","12.1","13.0"
"USW00024229","PORTLAND INTERNATIONAL AIRPORT, OR US","45.5958","-122.6093","5.8","2020-02-13","4.25",,"0.14","0.0","0.0","40","44","31","  110","  230","13.0","15.0"
"USW00024229","PORTLAND INTERNATIONAL AIRPORT, OR US","45.5958","-122.6093","5.8","2020-02-14","3.58",,"0.00","0.0","0.0","43","51","39","  250","  250","16.1","19.0"
"USW00024229","PORTLAND INTERNATIONAL AIRPORT, OR US","45.5958","-122.6093","5.8","2020-02-15","7.16",,"0.51","0.0","0.0","45","47","43","  160","  200","15.0","19.0"
"USW00024229","PORTLAND INTERNATIONAL AIRPORT, OR US","45.5958","-122.6093","5.8","2020-02-16","4.03",,"0.06","0.0","0.0","44","52","36","  270","  280","16.1","19.0"
"USW00024229","PORTLAND INTERNATIONAL AIRPORT, OR US","45.5958","-122.6093","5.8","2020-02-17","2.68",,"0.00","0.0","0.0","44","51","35","  300","  300","10.1","14.1"
"USW00024229","PORTLAND INTERNATIONAL AIRPORT, OR US","45.5958","-122.6093","5.8","2020-02-18","7.38",,"0.00","0.0","0.0","40","53","32","   70","   80","19.9","25.1"
"USW00024229","PORTLAND INTERNATIONAL AIRPORT, OR US","45.5958","-122.6093","5.8","2020-02-19","13.42",,"0.00","0.0","0.0","44","55","32","  100","  100","23.9","31.1"
"USW00024229","PORTLAND INTERNATIONAL AIRPORT, OR US","45.5958","-122.6093","5.8","2020-02-20","8.50",,"0.00","0.0","0.0","46","54","34","  100","   90","19.9","25.9"
"USW00024229","PORTLAND INTERNATIONAL AIRPORT, OR US","45.5958","-122.6093","5.8","2020-02-21","2.91",,"0.00","0.0","0.0","42","58","30","  300","  310","8.1","11.0"
"USW00024229","PORTLAND INTERNATIONAL AIRPORT, OR US","45.5958","-122.6093","5.8","2020-02-22","3.80",,"0.00","0.0","0.0","44","56","32","  290","  290","8.9","10.1"
"USW00024229","PORTLAND INTERNATIONAL AIRPORT, OR US","45.5958","-122.6093","5.8","2020-02-23","14.54",,"0.08","0.0","0.0","48","52","42","  270","  210","30.0","44.1"
"USW00024229","PORTLAND INTERNATIONAL AIRPORT, OR US","45.5958","-122.6093","5.8","2020-02-24","2.91",,"0.00","0.0","0.0","44","49","36","  350","  350","14.1","16.1"
"USW00024229","PORTLAND INTERNATIONAL AIRPORT, OR US","45.5958","-122.6093","5.8","2020-02-25","2.24",,"0.00","0.0","0.0","41","55","33","  310","  320","10.1","13.0"
"USW00024229","PORTLAND INTERNATIONAL AIRPORT, OR US","45.5958","-122.6093","5.8","2020-02-26","2.01",,"0.01","0.0","0.0","48","57","39","  300","  300","6.9","8.1"
"USW00024229","PORTLAND INTERNATIONAL AIRPORT, OR US","45.5958","-122.6093","5.8","2020-02-27","1.57",,"0.00","0.0","0.0","44","62","34","  290","  270","6.9","8.1"
"USW00024229","PORTLAND INTERNATIONAL AIRPORT, OR US","45.5958","-122.6093","5.8","2020-02-28","6.26",,"0.03","0.0","0.0","47","59","35","  220","  230","25.1","31.1"
"USW00024229","PORTLAND INTERNATIONAL AIRPORT, OR US","45.5958","-122.6093","5.8","2020-02-29","6.04",,"0.14","0.0","0.0","46","48","37","  320","  320","21.0","25.1"
"USW00024229","PORTLAND INTERNATIONAL AIRPORT, OR US","45.5958","-122.6093","5.8","2020-03-01","2.46",,"0.01","0.0","0.0","40","48","34","  290","  330","8.1","11.0"
"USW00024229","PORTLAND INTERNATIONAL AIRPORT, OR US","45.5958","-122.6093","5.8","2020-03-02","6.93",,"0.00","0.0","0.0","44","50","41","  200","  210","16.1","19.9"
"USW00024229","PORTLAND INTERNATIONAL AIRPORT, OR US","45.5958","-122.6093","5.8","2020-03-03","8.05",,"0.00","0.0","0.0","51","60","48","  270","  210","16.1","19.9"
"USW00024229","PORTLAND INTERNATIONAL AIRPORT, OR US","45.5958","-122.6093","5.8","2020-03-04","3.36",,"0.00","0.0","0.0","51","56","40","  320","  320","8.9","13.0"
"USW00024229","PORTLAND INTERNATIONAL AIRPORT, OR US","45.5958","-122.6093","5.8","2020-03-05","6.71",,"0.00","0.0","0.0","47","59","36","  110","  230","14.1","16.1"
"USW00024229","PORTLAND INTERNATIONAL AIRPORT, OR US","45.5958","-122.6093","5.8","2020-03-06","5.82",,"0.33","0.0","0.0","49","50","42","  200","  200","14.1","16.1"
"USW00024229","PORTLAND INTERNATIONAL AIRPORT, OR US","45.5958","-122.6093","5.8","2020-03-07","4.47",,"0.04","0.0","0.0","43","49","38","  200","  200","17.0","19.9"
"USW00024229","PORTLAND INTERNATIONAL AIRPORT, OR US","45.5958","-122.6093","5.8","2020-03-08","4.25",,"0.00","0.0","0.0","42","51","34","  290","  300","13.0","15.0"
"USW00024229","PORTLAND INTERNATIONAL AIRPORT, OR US","45.5958","-122.6093","5.8","2020-03-09","1.57",,"0.00","0.0","0.0","40","57","31","  110","  280","6.9","8.1"
"USW00024229","PORTLAND INTERNATIONAL AIRPORT, OR US","45.5958","-122.6093","5.8","2020-03-10","2.68",,"0.00","0.0","0.0","44","62","32","  320","  320","12.1","17.0"
"USW00024229","PORTLAND INTERNATIONAL AIRPORT, OR US","45.5958","-122.6093","5.8","2020-03-11","6.71",,"0.00","0.0","0.0","48","57","38","  300","  310","16.1","19.0"
"USW00024229","PORTLAND INTERNATIONAL AIRPORT, OR US","45.5958","-122.6093","5.8","2020-03-12","4.25",,"0.00","0.0","0.0","44","56","32","  320","  330","13.0","18.1"
"USW00024229","PORTLAND INTERNATIONAL AIRPORT, OR US","45.5958","-122.6093","5.8","2020-03-13","3.80",,"0.12","0.0","0.0","42","42","37","  320","  320","8.9","12.1"
"USW00024229","PORTLAND INTERNATIONAL AIRPORT, OR US","45.5958","-122.6093","5.8","2020-03-14","15.43",,"0.74","0.5","0.0","38","42","32","   90","  100","32.0","38.9"
"USW00024229","PORTLAND INTERNATIONAL AIRPORT, OR US","45.5958","-122.6093","5.8","2020-03-15","22.37",,"0.00","0.0","0.0","38","46","34","   80","   80","33.1","42.1"
"USW00024229","PORTLAND INTERNATIONAL AIRPORT, OR US","45.5958","-122.6093","5.8","2020-03-16","11.86",,"0.00","0.0","0.0","44","60","36","   90","   80","29.1","38.0"
"USW00024229","PORTLAND INTERNATIONAL AIRPORT, OR US","45.5958","-122.6093","5.8","2020-03-17","3.80",,"0.00","0.0","0.0","46","61","30","  220","  320","8.1","11.0"
"USW00024229","PORTLAND INTERNATIONAL AIRPORT, OR US","45.5958","-122.6093","5.8","2020-03-18","2.91",,"0.00","0.0","0.0","49","59","40","  140","  310","8.1","10.1"
"USW00024229","PORTLAND INTERNATIONAL AIRPORT, OR US","45.5958","-122.6093","5.8","2020-03-19","2.91",,"0.00","0.0","0.0","48","64","37","  290","  320","8.9","11.0"
"USW00024229","PORTLAND INTERNATIONAL AIRPORT, OR US","45.5958","-122.6093","5.8","2020-03-20","4.70",,"0.00","0.0","0.0","52","67","39","  320","  320","17.0","23.0"
"USW00024229","PORTLAND INTERNATIONAL AIRPORT, OR US","45.5958","-122.6093","5.8","2020-03-21","3.80",,"0.00","0.0","0.0","51","60","39","  320","  340","12.1","15.0"
"USW00024229","PORTLAND INTERNATIONAL AIRPORT, OR US","45.5958","-122.6093","5.8","2020-03-22","3.80",,"0.00","0.0","0.0","48","63","34","  310","  300","15.0","17.0"
"USW00024229","PORTLAND INTERNATIONAL AIRPORT, OR US","45.5958","-122.6093","5.8","2020-03-23","12.75",,"0.05","0.0","0.0","50","53","44","  240","  240","23.9","30.0"
"USW00024229","PORTLAND INTERNATIONAL AIRPORT, OR US","45.5958","-122.6093","5.8","2020-03-24","8.95",,"0.19","0.0","0.0","46","49","41","  200","  200","18.1","21.9"
"USW00024229","PORTLAND INTERNATIONAL AIRPORT, OR US","45.5958","-122.6093","5.8","2020-03-25","4.47",,"0.08","0.0","0.0","43","52","37","  310","  310","18.1","21.0"
"USW00024229","PORTLAND INTERNATIONAL AIRPORT, OR US","45.5958","-122.6093","5.8","2020-03-26","4.47",,"0.00","0.0","0.0","44","51","36","  210","  190","13.0","15.0"
"USW00024229","PORTLAND INTERNATIONAL AIRPORT, OR US","45.5958","-122.6093","5.8","2020-03-27","7.16",,"0.06","0.0","0.0","46","50","42","  170","  170","14.1","17.0"
"USW00024229","PORTLAND INTERNATIONAL AIRPORT, OR US","45.5958","-122.6093","5.8","2020-03-28","9.40",,"0.05","0.0","0.0","49","54","46","  180","  190","18.1","25.9"
"USW00024229","PORTLAND INTERNATIONAL AIRPORT, OR US","45.5958","-122.6093","5.8","2020-03-29","11.18",,"0.19","0.0","0.0","51","59","48","  190","  190","21.9","28.0"
"USW00024229","PORTLAND INTERNATIONAL AIRPORT, OR US","45.5958","-122.6093","5.8","2020-03-30","10.74",,"0.34","0.0","0.0","50","53","44","  260","  200","25.1","36.0"
"USW00024229","PORTLAND INTERNATIONAL AIRPORT, OR US","45.5958","-122.6093","5.8","2020-03-31","6.49",,"0.23","0.0","0.0","45","53","42","  300","  300","19.9","23.0"
"USW00024229","PORTLAND INTERNATIONAL AIRPORT, OR US","45.5958","-122.6093","5.8","2020-04-01","5.82",,"0.08","0.0","0.0","44","50","40","  200","  210","15.0","19.9"
"USW00024229","PORTLAND INTERNATIONAL AIRPORT, OR US","45.5958","-122.6093","5.8","2020-04-02","4.70",,"0.07","0.0","0.0","45","53","40","  270","  280","19.9","23.0"
"USW00024229","PORTLAND INTERNATIONAL AIRPORT, OR US","45.5958","-122.6093","5.8","2020-04-03","3.80",,"0.00","0.0","0.0","43","50","39","  200","  200","14.1","16.1"
"USW00024229","PORTLAND INTERNATIONAL AIRPORT, OR US","45.5958","-122.6093","5.8","2020-04-04","4.70",,"0.03","0.0","0.0","46","55","38","  110","  110","16.1","19.0"
"USW00024229","PORTLAND INTERNATIONAL AIRPORT, OR US","45.5958","-122.6093","5.8","2020-04-05","3.36",,"0.00","0.0","0.0","49","63","42","  130","  120","15.0","17.0"
"USW00024229","PORTLAND INTERNATIONAL AIRPORT, OR US","45.5958","-122.6093","5.8","2020-04-06","3.58",,"0.00","0.0","0.0","51","64","40","  330","  350","13.0","17.0"
"USW00024229","PORTLAND INTERNATIONAL AIRPORT, OR US","45.5958","-122.6093","5.8","2020-04-07","6.26",,"0.00","0.0","0.0","52","60","42","  320","  310","15.0","21.0"
"USW00024229","PORTLAND INTERNATIONAL AIRPORT, OR US","45.5958","-122.6093","5.8","2020-04-08","6.26",,"0.00","0.0","0.0","52","73","40","  280","  290","14.1","18.1"
"USW00024229","PORTLAND INTERNATIONAL AIRPORT, OR US","45.5958","-122.6093","5.8","2020-04-09","7.16",,"0.00","0.0","0.0","58","75","43","  320","  320","17.0","23.9"
"USW00024229","PORTLAND INTERNATIONAL AIRPORT, OR US","45.5958","-122.6093","5.8","2020-04-10","4.70",,"0.00","0.0","0.0","58","71","45","  320","  320","16.1","19.9"
"USW00024229","PORTLAND INTERNATIONAL AIRPORT, OR US","45.5958","-122.6093","5.8","2020-04-11","3.80",,"0.00","0.0","0.0","54","62","43","  320","  320","15.0","19.9"
"USW00024229","PORTLAND INTERNATIONAL AIRPORT, OR US","45.5958","-122.6093","5.8","2020-04-12","6.71",,"0.00","0.0","0.0","52","66","37","  320","  320","21.9","25.9"
"USW00024229","PORTLAND INTERNATIONAL AIRPORT, OR US","45.5958","-122.6093","5.8","2020-04-13","5.82",,"0.00","0.0","0.0","52","68","36","  300","  320","15.0","21.0"
"USW00024229","PORTLAND INTERNATIONAL AIRPORT, OR US","45.5958","-122.6093","5.8","2020-04-14","3.80",,"0.00","0.0","0.0","56","71","42","  320","  320","16.1","19.9"
"USW00024229","PORTLAND INTERNATIONAL AIRPORT, OR US","45.5958","-122.6093","5.8","2020-04-15","5.37",,"0.00","0.0","0.0","55","68","49","  110","  110","23.0","27.1"
"USW00024229","PORTLAND INTERNATIONAL AIRPORT, OR US","45.5958","-122.6093","5.8","2020-04-16","9.62",,"0.00","0.0","0.0","57","70","42","   90","   90","25.1","32.0"
"USW00024229","PORTLAND INTERNATIONAL AIRPORT, OR US","45.5958","-122.6093","5.8","2020-04-17","4.03",,"0.00","0.0","0.0","57","76","39","  310","  310","8.9","13.0"
"USW00024229","PORTLAND INTERNATIONAL AIRPORT, OR US","45.5958","-122.6093","5.8","2020-04-18","6.49",,"0.09","0.0","0.0","57","56","49","  200","  180","14.1","19.9"
"USW00024229","PORTLAND INTERNATIONAL AIRPORT, OR US","45.5958","-122.6093","5.8","2020-04-19","4.70",,"0.00","0.0","0.0","53","63","48","  310","   10","10.1","14.1"
"USW00024229","PORTLAND INTERNATIONAL AIRPORT, OR US","45.5958","-122.6093","5.8","2020-04-20","4.47",,"0.00","0.0","0.0","53","70","43","  320","  320","12.1","17.0"
"USW00024229","PORTLAND INTERNATIONAL AIRPORT, OR US","45.5958","-122.6093","5.8","2020-04-21","2.46",,"0.01","0.0","0.0","55","61","48","   70","   70","8.9","11.0"
"USW00024229","PORTLAND INTERNATIONAL AIRPORT, OR US","45.5958","-122.6093","5.8","2020-04-22","8.72",,"0.25","0.0","0.0","54","60","49","  220","  230","17.0","19.9"
"USW00024229","PORTLAND INTERNATIONAL AIRPORT, OR US","45.5958","-122.6093","5.8","2020-04-23","4.25",,"0.00","0.0","0.0","56","61","49","  250","  250","10.1","12.1"
"USW00024229","PORTLAND INTERNATIONAL AIRPORT, OR US","45.5958","-122.6093","5.8","2020-04-24","6.49",,"0.01","0.0","0.0","54","61","50","  100","  100","13.0","14.1"
"USW00024229","PORTLAND INTERNATIONAL AIRPORT, OR US","45.5958","-122.6093","5.8","2020-04-25","7.83",,"0.18","0.0","0.0","58","70","48","  270","  270","21.0","23.9"
"USW00024229","PORTLAND INTERNATIONAL AIRPORT, OR US","45.5958","-122.6093","5.8","2020-04-26","4.92",,"0.03","0.0","0.0","55","68","43","  200","  200","18.1","25.1"
"USW00024229","PORTLAND INTERNATIONAL AIRPORT, OR US","45.5958","-122.6093","5.8","2020-04-27","10.96",,"0.02","0.0","0.0","59","69","49","  190","  200","19.9","25.1"
"USW00024229","PORTLAND INTERNATIONAL AIRPORT, OR US","45.5958","-122.6093","5.8","2020-04-28","4.03",,"0.00","0.0","0.0","59","73","50","   80","  240","12.1","14.1"
"USW00024229","PORTLAND INTERNATIONAL AIRPORT, OR US","45.5958","-122.6093","5.8","2020-04-29","7.16",,"0.01","0.0","0.0","62","75","53","  230","  250","18.1","23.9"
"USW00024229","PORTLAND INTERNATIONAL AIRPORT, OR US","45.5958","-122.6093","5.8","2020-04-30","6.49",,"0.01","0.0","0.0","59","66","48","  210","  220","18.1","21.9"
"USW00024229","PORTLAND INTERNATIONAL AIRPORT, OR US","45.5958","-122.6093","5.8","2020-05-01","4.70",,"0.07","0.0","0.0","54","64","42","  210","  200","17.0","23.0"
"USW00024229","PORTLAND INTERNATIONAL AIRPORT, OR US","45.5958","-122.6093","5.8","2020-05-02","8.95",,"0.21","0.0","0.0","56","58","49","  260","  250","21.0","27.1"
"USW00024229","PORTLAND INTERNATIONAL AIRPORT, OR US","45.5958","-122.6093","5.8","2020-05-03","5.82",,"0.23","0.0","0.0","51","59","45","  100","  110","13.0","18.1"
"USW00024229","PORTLAND INTERNATIONAL AIRPORT, OR US","45.5958","-122.6093","5.8","2020-05-04","4.70",,"0.02","0.0","0.0","53","71","38","  270","  280","21.0","25.1"
"USW00024229","PORTLAND INTERNATIONAL AIRPORT, OR US","45.5958","-122.6093","5.8","2020-05-05","6.71",,"0.00","0.0","0.0","58","76","50","  280","  210","21.0","23.9"
"USW00024229","PORTLAND INTERNATIONAL AIRPORT, OR US","45.5958","-122.6093","5.8","2020-05-06","11.18",,"0.05","0.0","0.0","58","65","48","  320","  310","23.9","29.1"
"USW00024229","PORTLAND INTERNATIONAL AIRPORT, OR US","45.5958","-122.6093","5.8","2020-05-07","10.51",,"0.00","0.0","0.0","56","75","40","  100","  100","23.9","30.0"
"USW00024229","PORTLAND INTERNATIONAL AIRPORT, OR US","45.5958","-122.6093","5.8","2020-05-08","16.11",,"0.00","0.0","0.0","69","81","56","   70","   70","29.1","36.0"
"USW00024229","PORTLAND INTERNATIONAL AIRPORT, OR US","45.5958","-122.6093","5.8","2020-05-09","10.51",,"0.00","0.0","0.0","73","87","59","   80","   80","25.9","33.1"
"USW00024229","PORTLAND INTERNATIONAL AIRPORT, OR US","45.5958","-122.6093","5.8","2020-05-10","8.95",,"0.00","0.0","0.0","72","87","59","  110","  120","21.0","23.9"
"USW00024229","PORTLAND INTERNATIONAL AIRPORT, OR US","45.5958","-122.6093","5.8","2020-05-11","5.14",,"0.13","0.0","0.0","68","70","52","   30","   30","17.0","21.9"
"USW00024229","PORTLAND INTERNATIONAL AIRPORT, OR US","45.5958","-122.6093","5.8","2020-05-12","9.62",,"0.05","0.0","0.0","57","65","52","  230","  230","23.9","31.1"
"USW00024229","PORTLAND INTERNATIONAL AIRPORT, OR US","45.5958","-122.6093","5.8","2020-05-13","8.95",,"0.03","0.0","0.0","56","64","51","  200","  200","19.9","23.9"
"USW00024229","PORTLAND INTERNATIONAL AIRPORT, OR US","45.5958","-122.6093","5.8","2020-05-14","4.70",,"0.20","0.0","0.0","56","58","52","  180","  180","12.1","15.0"
"USW00024229","PORTLAND INTERNATIONAL AIRPORT, OR US","45.5958","-122.6093","5.8","2020-05-15","4.70",,"0.16","0.0","0.0","56","68","52","   70","   70","8.9","12.1"
"USW00024229","PORTLAND INTERNATIONAL AIRPORT, OR US","45.5958","-122.6093","5.8","2020-05-16","4.92",,"0.21","0.0","0.0","60","71","55","  270","  270","18.1","23.0"
"USW00024229","PORTLAND INTERNATIONAL AIRPORT, OR US","45.5958","-122.6093","5.8","2020-05-17","4.47",,"0.00","0.0","0.0","60","70","50","  320","  320","18.1","23.0"
"USW00024229","PORTLAND INTERNATIONAL AIRPORT, OR US","45.5958","-122.6093","5.8","2020-05-18","4.47",,"0.26","0.0","0.0","58","62","53","  290","  300","14.1","17.0"
"USW00024229","PORTLAND INTERNATIONAL AIRPORT, OR US","45.5958","-122.6093","5.8","2020-05-19","4.92",,"0.00","0.0","0.0","56","64","52","  300","  350","13.0","16.1"
"USW00024229","PORTLAND INTERNATIONAL AIRPORT, OR US","45.5958","-122.6093","5.8","2020-05-20","6.71",,"0.03","0.0","0.0","56","61","50","  240","  240","19.9","23.9"
"USW00024229","PORTLAND INTERNATIONAL AIRPORT, OR US","45.5958","-122.6093","5.8","2020-05-21","6.71",,"0.14","0.0","0.0","54","59","49","  310","  310","23.0","30.0"
"USW00024229","PORTLAND INTERNATIONAL AIRPORT, OR US","45.5958","-122.6093","5.8","2020-05-22","4.70",,"0.04","0.0","0.0","53","63","46","  300","  320","18.1","21.9"
"USW00024229","PORTLAND INTERNATIONAL AIRPORT, OR US","45.5958","-122.6093","5.8","2020-05-23","2.68",,"0.00","0.0","0.0","55","62","50","  330","  330","12.1","14.1"
"USW00024229","PORTLAND INTERNATIONAL AIRPORT, OR US","45.5958","-122.6093","5.8","2020-05-24","3.80",,"0.00","0.0","0.0","58","75","50","  310","  320","8.9","12.1"
"USW00024229","PORTLAND INTERNATIONAL AIRPORT, OR US","45.5958","-122.6093","5.8","2020-05-25","2.68",,"0.07","0.0","0.0","61","67","54","   80","   80","10.1","12.1"
"USW00024229","PORTLAND INTERNATIONAL AIRPORT, OR US","45.5958","-122.6093","5.8","2020-05-26","6.71",,"0.00","0.0","0.0","63","72","56","  290","  290","14.1","16.1"
"USW00024229","PORTLAND INTERNATIONAL AIRPORT, OR US","45.5958","-122.6093","5.8","2020-05-27","6.49",,"0.00","0.0","0.0","63","84","51","  320","  320","14.1","17.0"
"USW00024229","PORTLAND INTERNATIONAL AIRPORT, OR US","45.5958","-122.6093","5.8","2020-05-28","6.71",,"0.00","0.0","0.0","72","91","56","  310","  310","16.1","21.0"
"USW00024229","PORTLAND INTERNATIONAL AIRPORT, OR US","45.5958","-122.6093","5.8","2020-05-29","6.93",,"0.00","0.0","0.0","72","84","59","  330","  320","14.1","19.0"
"USW00024229","PORTLAND INTERNATIONAL AIRPORT, OR US","45.5958","-122.6093","5.8","2020-05-30","5.37",,"0.31","0.0","0.0","62","63","53","  330","  320","15.0","19.0"
"USW00024229","PORTLAND INTERNATIONAL AIRPORT, OR US","45.5958","-122.6093","5.8","2020-05-31","5.59",,"0.00","0.0","0.0","56","66","53","  320","  320","13.0","18.1"
"USW00024229","PORTLAND INTERNATIONAL AIRPORT, OR US","45.5958","-122.6093","5.8","2020-06-01","5.82",,"0.00","0.0","0.0","58","72","49","  280","  290","16.1","19.9"
"USW00024229","PORTLAND INTERNATIONAL AIRPORT, OR US","45.5958","-122.6093","5.8","2020-06-02","5.59",,"0.00","0.0","0.0","62","79","50","  350","  360","19.9","25.9"
"USW00024229","PORTLAND INTERNATIONAL AIRPORT, OR US","45.5958","-122.6093","5.8","2020-06-03","8.28",,"0.00","0.0","0.0","62","74","54","  330","  320","16.1","23.0"
"USW00024229","PORTLAND INTERNATIONAL AIRPORT, OR US","45.5958","-122.6093","5.8","2020-06-04","7.61",,"0.00","0.0","0.0","62","73","54","  320","  320","17.0","21.9"
"USW00024229","PORTLAND INTERNATIONAL AIRPORT, OR US","45.5958","-122.6093","5.8","2020-06-05","4.25",,"0.38","0.0","0.0","62","69","55","  320","  320","14.1","17.0"
"USW00024229","PORTLAND INTERNATIONAL AIRPORT, OR US","45.5958","-122.6093","5.8","2020-06-06","4.92",,"1.02","0.0","0.0","56","60","51","  290","  290","17.0","21.0"
"USW00024229","PORTLAND INTERNATIONAL AIRPORT, OR US","45.5958","-122.6093","5.8","2020-06-07","7.61",,"0.27","0.0","0.0","53","61","49","  300","  320","19.9","25.9"
"USW00024229","PORTLAND INTERNATIONAL AIRPORT, OR US","45.5958","-122.6093","5.8","2020-06-08","5.59",,"0.21","0.0","0.0","56","64","53","  250","  250","17.0","21.9"
"USW00024229","PORTLAND INTERNATIONAL AIRPORT, OR US","45.5958","-122.6093","5.8","2020-06-09","8.05",,"0.45","0.0","0.0","57","66","51","  210","  200","16.1","23.0"
"USW00024229","PORTLAND INTERNATIONAL AIRPORT, OR US","45.5958","-122.6093","5.8","2020-06-10","7.61",,"0.00","0.0","0.0","65","79","60","  280","  280","19.9","23.9"
"USW00024229","PORTLAND INTERNATIONAL AIRPORT, OR US","45.5958","-122.6093","5.8","2020-06-11","4.70",,"0.03","0.0","0.0","67","75","60","  310","  330","13.0","18.1"
"USW00024229","PORTLAND INTERNATIONAL AIRPORT, OR US","45.5958","-122.6093","5.8","2020-06-12","5.14",,"0.04","0.0","0.0","62","62","55","  310","  310","12.1","15.0"
"USW00024229","PORTLAND INTERNATIONAL AIRPORT, OR US","45.5958","-122.6093","5.8","2020-06-13","6.04",,"0.21","0.0","0.0","56","60","53","  230","  180","16.1","21.9"
"USW00024229","PORTLAND INTERNATIONAL AIRPORT, OR US","45.5958","-122.6093","5.8","2020-06-14","4.47",,"0.01","0.0","0.0","57","68","50","  200","  200","10.1","16.1"
"USW00024229","PORTLAND INTERNATIONAL AIRPORT, OR US","45.5958","-122.6093","5.8","2020-06-15","7.83",,"0.35","0.0","0.0","61","65","56","  260","  250","18.1","21.9"
"USW00024229","PORTLAND INTERNATIONAL AIRPORT, OR US","45.5958","-122.6093","5.8","2020-06-16","5.82",,"0.19","0.0","0.0","58","67","53","  110","   80","14.1","17.0"
"USW00024229","PORTLAND INTERNATIONAL AIRPORT, OR US","45.5958","-122.6093","5.8","2020-06-17","4.92",,"0.00","0.0","0.0","60","74","52","  310","  300","15.0","19.0"
"USW00024229","PORTLAND INTERNATIONAL AIRPORT, OR US","45.5958","-122.6093","5.8","2020-06-18","4.70",,"0.00","0.0","0.0","64","81","53","  320","  320","15.0","19.9"
"USW00024229","PORTLAND INTERNATIONAL AIRPORT, OR US","45.5958","-122.6093","5.8","2020-06-19","3.13",,"0.00","0.0","0.0","70","87","57","  250","  240","13.0","14.1"
"USW00024229","PORTLAND INTERNATIONAL AIRPORT, OR US","45.5958","-122.6093","5.8","2020-06-20","4.92",,"0.33","0.0","0.0","69","70","60","  300","  320","14.1","18.1"
"USW00024229","PORTLAND INTERNATIONAL AIRPORT, OR US","45.5958","-122.6093","5.8","2020-06-21","5.37",,"0.00","0.0","0.0","66","76","59","  320","  320","14.1","18.1"
"USW00024229","PORTLAND INTERNATIONAL AIRPORT, OR US","45.5958","-122.6093","5.8","2020-06-22","6.26",,"0.00","0.0","0.0","66","86","54","  320","  330","13.0","19.0"
"USW00024229","PORTLAND INTERNATIONAL AIRPORT, OR US","45.5958","-122.6093","5.8","2020-06-23","6.71",,"0.00","0.0","0.0","76","93","62","  320","  320","16.1","21.9"
"USW00024229","PORTLAND INTERNATIONAL AIRPORT, OR US","45.5958","-122.6093","5.8","2020-06-24","6.93",,"0.00","0.0","0.0","74","79","60","  310","  300","18.1","23.0"
"USW00024229","PORTLAND INTERNATIONAL AIRPORT, OR US","45.5958","-122.6093","5.8","2020-06-25","8.50",,"0.00","0.0","0.0","67","84","59","  320","  330","19.9","25.9"
"USW00024229","PORTLAND INTERNATIONAL AIRPORT, OR US","45.5958","-122.6093","5.8","2020-06-26","6.71",,"0.00","0.0","0.0","73","87","62","  330","  320","13.0","19.9"
"USW00024229","PORTLAND INTERNATIONAL AIRPORT, OR US","45.5958","-122.6093","5.8","2020-06-27","8.95",,"0.00","0.0","0.0","68","70","57","  320","  310","19.9","23.9"
"USW00024229","PORTLAND INTERNATIONAL AIRPORT, OR US","45.5958","-122.6093","5.8","2020-06-28","8.50",,"0.01","0.0","0.0","61","72","56","  320","  310","18.1","25.9"
"USW00024229","PORTLAND INTERNATIONAL AIRPORT, OR US","45.5958","-122.6093","5.8","2020-06-29","5.82",,"0.00","0.0","0.0","62","73","52","   80","  350","16.1","21.0"
"USW00024229","PORTLAND INTERNATIONAL AIRPORT, OR US","45.5958","-122.6093","5.8","2020-06-30","8.50",,"0.01","0.0","0.0","64","72","58","  320","  320","19.9","23.9"
"USW00024229","PORTLAND INTERNATIONAL AIRPORT, OR US","45.5958","-122.6093","5.8","2020-07-01","6.49",,"0.02","0.0","0.0","61","66","57","  230","  230","17.0","19.9"
"USW00024229","PORTLAND INTERNATIONAL AIRPORT, OR US","45.5958","-122.6093","5.8","2020-07-02","4.70",,"0.00","0.0","0.0","62","72","56","  310","  320","10.1","16.1"
"USW00024229","PORTLAND INTERNATIONAL AIRPORT, OR US","45.5958","-122.6093","5.8","2020-07-03","5.37",,"0.00","0.0","0.0","63","71","55","  320","  320","13.0","15.0"
"USW00024229","PORTLAND INTERNATIONAL AIRPORT, OR US","45.5958","-122.6093","5.8","2020-07-04","5.59",,"0.00","0.0","0.0","63","74","57","  320","  360","13.0","17.0"
"USW00024229","PORTLAND INTERNATIONAL AIRPORT, OR US","45.5958","-122.6093","5.8","2020-07-05","5.59",,"0.00","0.0","0.0","65","75","57","  320","  320","13.0","17.0"
"USW00024229","PORTLAND INTERNATIONAL AIRPORT, OR US","45.5958","-122.6093","5.8","2020-07-06","5.82",,"0.00","0.0","0.0","64","69","57","  320","  320","15.0","18.1"
"USW00024229","PORTLAND INTERNATIONAL AIRPORT, OR US","45.5958","-122.6093","5.8","2020-07-07","4.47",,"0.03","0.0","0.0","62","68","56","  220","  210","13.0","18.1"
"USW00024229","PORTLAND INTERNATIONAL AIRPORT, OR US","45.5958","-122.6093","5.8","2020-07-08","5.14",,"0.00","0.0","0.0","64","74","59","  310","  290","14.1","19.0"
"USW00024229","PORTLAND INTERNATIONAL AIRPORT, OR US","45.5958","-122.6093","5.8","2020-07-09","4.47",,"0.00","0.0","0.0","66","78","58","  320","  320","13.0","18.1"
"USW00024229","PORTLAND INTERNATIONAL AIRPORT, OR US","45.5958","-122.6093","5.8","2020-07-10","6.71",,"0.00","0.0","0.0","67","81","58","  280","  310","12.1","16.1"
"USW00024229","PORTLAND INTERNATIONAL AIRPORT, OR US","45.5958","-122.6093","5.8","2020-07-11","5.14",,"0.00","0.0","0.0","69","78","57","  320","  320","18.1","23.9"
"USW00024229","PORTLAND INTERNATIONAL AIRPORT, OR US","45.5958","-122.6093","5.8","2020-07-12","6.04",,"0.00","0.0","0.0","67","77","59","  320","  320","16.1","19.9"
"USW00024229","PORTLAND INTERNATIONAL AIRPORT, OR US","45.5958","-122.6093","5.8","2020-07-13","7.61",,"0.00","0.0","0.0","65","80","54","  320","  340","16.1","21.9"
"USW00024229","PORTLAND INTERNATIONAL AIRPORT, OR US","45.5958","-122.6093","5.8","2020-07-14","7.16",,"0.00","0.0","0.0","69","85","57","  320","  320","17.0","25.1"
"USW00024229","PORTLAND INTERNATIONAL AIRPORT, OR US","45.5958","-122.6093","5.8","2020-07-15","7.61",,"0.00","0.0","0.0","73","87","60","  310","  320","18.1","23.9"
"USW00024229","PORTLAND INTERNATIONAL AIRPORT, OR US","45.5958","-122.6093","5.8","2020-07-16","6.49",,"0.00","0.0","0.0","72","84","61","  330","  350","15.0","23.0"
"USW00024229","PORTLAND INTERNATIONAL AIRPORT, OR US","45.5958","-122.6093","5.8","2020-07-17","9.17",,"0.00","0.0","0.0","69","74","60","  300","  320","18.1","21.0"
"USW00024229","PORTLAND INTERNATIONAL AIRPORT, OR US","45.5958","-122.6093","5.8","2020-07-18","7.61",,"0.00","0.0","0.0","66","85","56","  320","  320","19.9","28.0"
"USW00024229","PORTLAND INTERNATIONAL AIRPORT, OR US","45.5958","-122.6093","5.8","2020-07-19","6.26",,"0.00","0.0","0.0","74","90","61","  320","  300","18.1","23.9"
"USW00024229","PORTLAND INTERNATIONAL AIRPORT, OR US","45.5958","-122.6093","5.8","2020-07-20","5.59",,"0.00","0.0","0.0","76","93","63","  320","  340","14.1","19.0"
"USW00024229","PORTLAND INTERNATIONAL AIRPORT, OR US","45.5958","-122.6093","5.8","2020-07-21","7.38",,"0.00","0.0","0.0","76","88","62","  330","  330","14.1","21.0"
"USW00024229","PORTLAND INTERNATIONAL AIRPORT, OR US","45.5958","-122.6093","5.8","2020-07-22","5.37",,"0.00","0.0","0.0","71","81","62","  320","  310","13.0","18.1"
"USW00024229","PORTLAND INTERNATIONAL AIRPORT, OR US","45.5958","-122.6093","5.8","2020-07-23","6.71",,"0.00","0.0","0.0","67","76","59","  320","  320","14.1","19.0"
"USW00024229","PORTLAND INTERNATIONAL AIRPORT, OR US","45.5958","-122.6093","5.8","2020-07-24","8.50",,"0.00","0.0","0.0","64","71","58","  310","  270","14.1","18.1"
"USW00024229","PORTLAND INTERNATIONAL AIRPORT, OR US","45.5958","-122.6093","5.8","2020-07-25","8.50",,"0.00","0.0","0.0","64","82","55","  320","  320","18.1","23.0"
"USW00024229","PORTLAND INTERNATIONAL AIRPORT, OR US","45.5958","-122.6093","5.8","2020-07-26","7.83",,"0.00","0.0","0.0","75","100","61","   80","   90","18.1","23.0"
"USW00024229","PORTLAND INTERNATIONAL AIRPORT, OR US","45.5958","-122.6093","5.8","2020-07-27","4.47",,"0.00","0.0","0.0","81","100","63","  320","  270","10.1","14.1"
"USW00024229","PORTLAND INTERNATIONAL AIRPORT, OR US","45.5958","-122.6093","5.8","2020-07-28","6.04",,"0.00","0.0","0.0","76","89","61","  330","  330","12.1","17.0"
"USW00024229","PORTLAND INTERNATIONAL AIRPORT, OR US","45.5958","-122.6093","5.8","2020-07-29","5.82",,"0.00","0.0","0.0","74","93","60","  280","  280","14.1","16.1"
"USW00024229","PORTLAND INTERNATIONAL AIRPORT, OR US","45.5958","-122.6093","5.8","2020-07-30","5.14",,"0.00","0.0","0.0","78","95","65","  300","  300","13.0","16.1"
"USW00024229","PORTLAND INTERNATIONAL AIRPORT, OR US","45.5958","-122.6093","5.8","2020-07-31","4.92",,"0.00","0.0","0.0","78","89","63","  310","  320","16.1","19.9"
"USW00024229","PORTLAND INTERNATIONAL AIRPORT, OR US","45.5958","-122.6093","5.8","2020-08-01","6.26",,"0.00","0.0","0.0","69","82","60","  300","  310","12.1","14.1"
"USW00024229","PORTLAND INTERNATIONAL AIRPORT, OR US","45.5958","-122.6093","5.8","2020-08-02","5.14",,"0.00","0.0","0.0","72","86","61","  320","  330","15.0","21.0"
"USW00024229","PORTLAND INTERNATIONAL AIRPORT, OR US","45.5958","-122.6093","5.8","2020-08-03","6.26",,"0.00","0.0","0.0","73","84","62","  300","  310","15.0","19.9"
"USW00024229","PORTLAND INTERNATIONAL AIRPORT, OR US","45.5958","-122.6093","5.8","2020-08-04","7.16",,"0.00","0.0","0.0","73","87","62","  300","  300","17.0","21.0"
"USW00024229","PORTLAND INTERNATIONAL AIRPORT, OR US","45.5958","-122.6093","5.8","2020-08-05","6.49",,"0.00","0.0","0.0","73","85","62","  320","  320","15.0","21.0"
"USW00024229","PORTLAND INTERNATIONAL AIRPORT, OR US","45.5958","-122.6093","5.8","2020-08-06","6.49",,"0.19","0.0","0.0","67","74","58","  310","  320","17.0","23.0"
"USW00024229","PORTLAND INTERNATIONAL AIRPORT, OR US","45.5958","-122.6093","5.8","2020-08-07","5.82",,"0.00","0.0","0.0","65","78","55","  310","  300","15.0","21.0"
"USW00024229","PORTLAND INTERNATIONAL AIRPORT, OR US","45.5958","-122.6093","5.8","2020-08-08","8.28",,"0.00","0.0","0.0","69","79","61","  310","  320","17.0","23.0"
"USW00024229","PORTLAND INTERNATIONAL AIRPORT, OR US","45.5958","-122.6093","5.8","2020-08-09","6.71",,"0.00","0.0","0.0","67","84","56","  320","  320","18.1","25.9"
"USW00024229","PORTLAND INTERNATIONAL AIRPORT, OR US","45.5958","-122.6093","5.8","2020-08-10","6.26",,"0.00","0.0","0.0","74","90","61","  320","  320","16.1","23.0"
"USW00024229","PORTLAND INTERNATIONAL AIRPORT, OR US","45.5958","-122.6093","5.8","2020-08-11","7.38",,"0.00","0.0","0.0","68","80","56","  320","  320","16.1","21.0"
"USW00024229","PORTLAND INTERNATIONAL AIRPORT, OR US","45.5958","-122.6093","5.8","2020-08-12","6.04",,"0.00","0.0","0.0","65","74","57","  320","  310","14.1","19.0"
"USW00024229","PORTLAND INTERNATIONAL AIRPORT, OR US","45.5958","-122.6093","5.8","2020-08-13","6.49",,"0.00","0.0","0.0","64","78","54","  290","  360","13.0","19.0"
"USW00024229","PORTLAND INTERNATIONAL AIRPORT, OR US","45.5958","-122.6093","5.8","2020-08-14","6.93",,"0.00","0.0","0.0","68","88","56","  320","  320","18.1","23.0"
"USW00024229","PORTLAND INTERNATIONAL AIRPORT, OR US","45.5958","-122.6093","5.8","2020-08-15","4.70",,"0.00","0.0","0.0","76","99","60","  290","  280","12.1","16.1"
"USW00024229","PORTLAND INTERNATIONAL AIRPORT, OR US","45.5958","-122.6093","5.8","2020-08-16","4.47",,"0.00","0.0","0.0","82","95","68","  200","  190","16.1","21.0"
"USW00024229","PORTLAND INTERNATIONAL AIRPORT, OR US","45.5958","-122.6093","5.8","2020-08-17","5.14",,"0.00","0.0","0.0","78","93","66","  280","  280","12.1","13.0"
"USW00024229","PORTLAND INTERNATIONAL AIRPORT, OR US","45.5958","-122.6093","5.8","2020-08-18","7.61",,"0.00","0.0","0.0","75","84","63","  290","  320","14.1","17.0"
"USW00024229","PORTLAND INTERNATIONAL AIRPORT, OR US","45.5958","-122.6093","5.8","2020-08-19","4.25",,"0.00","0.0","0.0","72","87","61","  320","  320","13.0","17.0"
"USW00024229","PORTLAND INTERNATIONAL AIRPORT, OR US","45.5958","-122.6093","5.8","2020-08-20","6.71",,"0.01","0.0","0.0","73","84","64","  260","  260","19.9","25.1"
"USW00024229","PORTLAND INTERNATIONAL AIRPORT, OR US","45.5958","-122.6093","5.8","2020-08-21","7.83",,"0.18","0.0","0.0","72","78","62","  180","  360","16.1","21.9"
"USW00024229","PORTLAND INTERNATIONAL AIRPORT, OR US","45.5958","-122.6093","5.8","2020-08-22","7.61",,"0.00","0.0","0.0","67","79","59","  320","  310","18.1","27.1"
"USW00024229","PORTLAND INTERNATIONAL AIRPORT, OR US","45.5958","-122.6093","5.8","2020-08-23","6.93",,"0.00","0.0","0.0","69","84","58","  320","  350","13.0","19.0"
"USW00024229","PORTLAND INTERNATIONAL AIRPORT, OR US","45.5958","-122.6093","5.8","2020-08-24","6.49",,"0.00","0.0","0.0","69","81","57","  320","  320","15.0","19.9"
"USW00024229","PORTLAND INTERNATIONAL AIRPORT, OR US","45.5958","-122.6093","5.8","2020-08-25","7.61",,"0.00","0.0","0.0","67","82","57","  300","  310","16.1","19.9"
"USW00024229","PORTLAND INTERNATIONAL AIRPORT, OR US","45.5958","-122.6093","5.8","2020-08-26","7.61",,"0.00","0.0","0.0","68","82","57","  310","  310","21.0","25.1"
"USW00024229","PORTLAND INTERNATIONAL AIRPORT, OR US","45.5958","-122.6093","5.8","2020-08-27","8.05",,"0.00","0.0","0.0","69","84","58","  310","  320","19.9","23.0"
"USW00024229","PORTLAND INTERNATIONAL AIRPORT, OR US","45.5958","-122.6093","5.8","2020-08-28","7.38",,"0.00","0.0","0.0","69","84","58","  320","  320","16.1","23.9"
"USW00024229","PORTLAND INTERNATIONAL AIRPORT, OR US","45.5958","-122.6093","5.8","2020-08-29","8.05",,"0.00","0.0","0.0","69","78","56","  310","  290","19.9","25.1"
"USW00024229","PORTLAND INTERNATIONAL AIRPORT, OR US","45.5958","-122.6093","5.8","2020-08-30","4.70",,"0.00","0.0","0.0","62","77","51","  310","  300","14.1","18.1"
"USW00024229","PORTLAND INTERNATIONAL AIRPORT, OR US","45.5958","-122.6093","5.8","2020-08-31","4.92",,"0.00","0.0","0.0","66","75","58","  300","  290","13.0","17.0"
"USW00024229","PORTLAND INTERNATIONAL AIRPORT, OR US","45.5958","-122.6093","5.8","2020-09-01","6.04",,"0.00","0.0","0.0","69","88","59","  320","  320","18.1","25.1"
"USW00024229","PORTLAND INTERNATIONAL AIRPORT, OR US","45.5958","-122.6093","5.8","2020-09-02","4.92",,"0.00","0.0","0.0","76","91","62","  320","  350","14.1","19.0"
"USW00024229","PORTLAND INTERNATIONAL AIRPORT, OR US","45.5958","-122.6093","5.8","2020-09-03","5.82",,"0.00","0.0","0.0","75","95","61","  320","  320","16.1","21.0"
"USW00024229","PORTLAND INTERNATIONAL AIRPORT, OR US","45.5958","-122.6093","5.8","2020-09-04","3.80",,"0.00","0.0","0.0","76","88","63","  320","  320","14.1","18.1"
"USW00024229","PORTLAND INTERNATIONAL AIRPORT, OR US","45.5958","-122.6093","5.8","2020-09-05","4.70",,"0.00","0.0","0.0","68","76","59","  310","  310","12.1","16.1"
"USW00024229","PORTLAND INTERNATIONAL AIRPORT, OR US","45.5958","-122.6093","5.8","2020-09-06","4.70",,"0.00","0.0","0.0","69","89","56","  320","  320","17.0","25.1"
"USW00024229","PORTLAND INTERNATIONAL AIRPORT, OR US","45.5958","-122.6093","5.8","2020-09-07","14.09",,"0.00","0.0","0.0","75","91","61","  100","  100","42.9","52.1"
"USW00024229","PORTLAND INTERNATIONAL AIRPORT, OR US","45.5958","-122.6093","5.8","2020-09-08","25.72",,"0.00","0.0","0.0","74","81","65","   90","   80","40.9","50.1"
"USW00024229","PORTLAND INTERNATIONAL AIRPORT, OR US","45.5958","-122.6093","5.8","2020-09-09","17.45",,"0.00","0.0","0.0","77","89","65","   80","   90","32.0","40.9"
"USW00024229","PORTLAND INTERNATIONAL AIRPORT, OR US","45.5958","-122.6093","5.8","2020-09-10","6.71",,"0.00","0.0","0.0","74","81","61","  150","  140","12.1","14.1"
"USW00024229","PORTLAND INTERNATIONAL AIRPORT, OR US","45.5958","-122.6093","5.8","2020-09-11","2.68",,"0.00","0.0","0.0","63","64","53","  140","  160","6.9","8.1"
"USW00024229","PORTLAND INTERNATIONAL AIRPORT, OR US","45.5958","-122.6093","5.8","2020-09-12","1.57",,"0.00","0.0","0.0","57","65","52","  260","  310","6.0","6.9"
"USW00024229","PORTLAND INTERNATIONAL AIRPORT, OR US","45.5958","-122.6093","5.8","2020-09-13","1.12",,"0.00","0.0","0.0","56","63","51","  110","  100","6.0","6.0"
"USW00024229","PORTLAND INTERNATIONAL AIRPORT, OR US","45.5958","-122.6093","5.8","2020-09-14","2.24",,"0.00","0.0","0.0","60","74","55","  110","  120","8.9","10.1"
"USW00024229","PORTLAND INTERNATIONAL AIRPORT, OR US","45.5958","-122.6093","5.8","2020-09-15","2.68",,"0.00","0.0","0.0","67","75","60","  110","  110","8.1","8.9"
"USW00024229","PORTLAND INTERNATIONAL AIRPORT, OR US","45.5958","-122.6093","5.8","2020-09-16","2.46",,"0.00","0.0","0.0","63","70","55","  110","  100","6.9","8.1"
"USW00024229","PORTLAND INTERNATIONAL AIRPORT, OR US","45.5958","-122.6093","5.8","2020-09-17","1.57",,"0.00","0.0","0.0","63","74","55","  310","  280","8.1","12.1"
"USW00024229","PORTLAND INTERNATIONAL AIRPORT, OR US","45.5958","-122.6093","5.8","2020-09-18","4.92",,"0.42","0.0","0.0","66","67","60","  220","  220","17.0","21.9"
"USW00024229","PORTLAND INTERNATIONAL AIRPORT, OR US","45.5958","-122.6093","5.8","2020-09-19","4.25",,"0.02","0.0","0.0","62","72","58","  200","  350","13.0","17.0"
"USW00024229","PORTLAND INTERNATIONAL AIRPORT, OR US","45.5958","-122.6093","5.8","2020-09-20","3.36",,"0.00","0.0","0.0","64","74","57","  280","  300","12.1","16.1"
"USW00024229","PORTLAND INTERNATIONAL AIRPORT, OR US","45.5958","-122.6093","5.8","2020-09-21","2.91",,"0.00","0.0","0.0","64","75","56","  330","  350","8.9","11.0"
"USW00024229","PORTLAND INTERNATIONAL AIRPORT, OR US","45.5958","-122.6093","5.8","2020-09-22","3.80",,"0.00","0.0","0.0","67","75","61","  110","  110","12.1","13.0"
"USW00024229","PORTLAND INTERNATIONAL AIRPORT, OR US","45.5958","-122.6093","5.8","2020-09-23","9.62",,"0.74","0.0","0.0","66","67","60","  190","  190","17.0","27.1"
"USW00024229","PORTLAND INTERNATIONAL AIRPORT, OR US","45.5958","-122.6093","5.8","2020-09-24","11.18",,"0.00","0.0","0.0","63","72","60","  200","  200","21.0","25.1"
"USW00024229","PORTLAND INTERNATIONAL AIRPORT, OR US","45.5958","-122.6093","5.8","2020-09-25","9.40",,"0.88","0.0","0.0","62","64","56","  190","  190","23.9","35.1"
"USW00024229","PORTLAND INTERNATIONAL AIRPORT, OR US","45.5958","-122.6093","5.8","2020-09-26","4.70",,"0.00","0.0","0.0","60","70","52","  270","  270","16.1","19.0"
"USW00024229","PORTLAND INTERNATIONAL AIRPORT, OR US","45.5958","-122.6093","5.8","2020-09-27","5.14",,"0.00","0.0","0.0","61","75","51","  320","  300","13.0","16.1"
"USW00024229","PORTLAND INTERNATIONAL AIRPORT, OR US","45.5958","-122.6093","5.8","2020-09-28","6.26",,"0.00","0.0","0.0","64","85","52","  110","  100","16.1","19.9"
"USW00024229","PORTLAND INTERNATIONAL AIRPORT, OR US","45.5958","-122.6093","5.8","2020-09-29","2.91",,"0.00","0.0",,"68","86","54","  290","  290","8.1","10.1"
"USW00024229","PORTLAND INTERNATIONAL AIRPORT, OR US","45.5958","-122.6093","5.8","2020-09-30","3.58",,"0.00","0.0","0.0","67","83","54","  290","  300","8.9","12.1"
"USW00024229","PORTLAND INTERNATIONAL AIRPORT, OR US","45.5958","-122.6093","5.8","2020-10-01","2.91",,"0.00","0.0","0.0","65","77","56","  270","  290","8.9","11.0"
"USW00024229","PORTLAND INTERNATIONAL AIRPORT, OR US","45.5958","-122.6093","5.8","2020-10-02","3.36",,"0.00","0.0","0.0","64","81","54","  300","  300","8.1","10.1"
"USW00024229","PORTLAND INTERNATIONAL AIRPORT, OR US","45.5958","-122.6093","5.8","2020-10-03","3.80",,"0.00","0.0","0.0","64","79","57","  320","  310","10.1","13.0"
"USW00024229","PORTLAND INTERNATIONAL AIRPORT, OR US","45.5958","-122.6093","5.8","2020-10-04","5.37",,"0.00","0.0","0.0","63","69","58","  310","  320","13.0","15.0"
"USW00024229","PORTLAND INTERNATIONAL AIRPORT, OR US","45.5958","-122.6093","5.8","2020-10-05","4.70",,"0.00","0.0","0.0","62","75","54","  320","  320","10.1","13.0"
"USW00024229","PORTLAND INTERNATIONAL AIRPORT, OR US","45.5958","-122.6093","5.8","2020-10-06","3.13",,"0.00","0.0","0.0","63","79","53","  310","  330","8.9","13.0"
"USW00024229","PORTLAND INTERNATIONAL AIRPORT, OR US","45.5958","-122.6093","5.8","2020-10-07","2.24",,"0.00","0.0","0.0","64","75","53","  310","  310","6.9","8.1"
"USW00024229","PORTLAND INTERNATIONAL AIRPORT, OR US","45.5958","-122.6093","5.8","2020-10-08","4.70",,"0.00","0.0","0.0","62","64","58","  200","  210","12.1","14.1"
"USW00024229","PORTLAND INTERNATIONAL AIRPORT, OR US","45.5958","-122.6093","5.8","2020-10-09","7.61",,"0.05","0.0","0.0","62","74","56","  200","  200","21.9","25.9"
"USW00024229","PORTLAND INTERNATIONAL AIRPORT, OR US","45.5958","-122.6093","5.8","2020-10-10","8.05",,"0.79","0.0","0.0","62","64","54","  250","  250","21.0","23.9"
"USW00024229","PORTLAND INTERNATIONAL AIRPORT, OR US","45.5958","-122.6093","5.8","2020-10-11","12.75",,"0.27","0.0","0.0","56","60","54","  190","  190","23.9","34.0"
"USW00024229","PORTLAND INTERNATIONAL AIRPORT, OR US","45.5958","-122.6093","5.8","2020-10-12","5.82",,"0.09","0.0","0.0","59","64","55","  210","  200","17.0","21.9"
"USW00024229","PORTLAND INTERNATIONAL AIRPORT, OR US","45.5958","-122.6093","5.8","2020-10-13","9.62",,"0.19","0.0","0.0","59","65","53","  210","  210","21.9","33.1"
"USW00024229","PORTLAND INTERNATIONAL AIRPORT, OR US","45.5958","-122.6093","5.8","2020-10-14","4.25",,"0.04","0.0","0.0","57","64","46","  320","  300","13.0","16.1"
"USW00024229","PORTLAND INTERNATIONAL AIRPORT, OR US","45.5958","-122.6093","5.8","2020-10-15","3.36",,"0.00","0.0","0.0","52","64","42","  290","  280","13.0","14.1"
"USW00024229","PORTLAND INTERNATIONAL AIRPORT, OR US","45.5958","-122.6093","5.8","2020-10-16","2.01",,"0.00","0.0","0.0","54","66","45","  190","  190","10.1","13.0"
"USW00024229","PORTLAND INTERNATIONAL AIRPORT, OR US","45.5958","-122.6093","5.8","2020-10-17","2.24",,"0.01","0.0","0.0","60","66","54","  190","  350","10.1","12.1"
"USW00024229","PORTLAND INTERNATIONAL AIRPORT, OR US","45.5958","-122.6093","5.8","2020-10-18","5.82",,"0.00","0.0","0.0","60","67","56","  200","  200","16.1","21.0"
"USW00024229","PORTLAND INTERNATIONAL AIRPORT, OR US","45.5958","-122.6093","5.8","2020-10-19","3.80",,"0.00","0.0","0.0","61","65","50","  320","  320","16.1","19.9"
"USW00024229","PORTLAND INTERNATIONAL AIRPORT, OR US","45.5958","-122.6093","5.8","2020-10-20","4.70",,"0.00","0.0","0.0","56","64","49","  320","  290","10.1","16.1"
"USW00024229","PORTLAND INTERNATIONAL AIRPORT, OR US","45.5958","-122.6093","5.8","2020-10-21","6.71",,"0.01","0.0","0.0","54","60","40","  310","  320","21.0","25.9"
"USW00024229","PORTLAND INTERNATIONAL AIRPORT, OR US","45.5958","-122.6093","5.8","2020-10-22","4.92",,"0.00","0.0","0.0","46","57","36","  300","  280","12.1","15.0"
"USW00024229","PORTLAND INTERNATIONAL AIRPORT, OR US","45.5958","-122.6093","5.8","2020-10-23","5.37",,"0.00","0.0","0.0","45","56","35","  160","  230","13.0","14.1"
"USW00024229","PORTLAND INTERNATIONAL AIRPORT, OR US","45.5958","-122.6093","5.8","2020-10-24","12.30",,"0.00","0.0","0.0","51","51","42","   90","   80","25.9","33.1"
"USW00024229","PORTLAND INTERNATIONAL AIRPORT, OR US","45.5958","-122.6093","5.8","2020-10-25","17.00",,"0.00","0.0","0.0","43","48","35","   80","   80","31.1","38.9"
"USW00024229","PORTLAND INTERNATIONAL AIRPORT, OR US","45.5958","-122.6093","5.8","2020-10-26","3.80",,"0.00","0.0","0.0","40","55","29","  110","  310","8.9","11.0"
"USW00024229","PORTLAND INTERNATIONAL AIRPORT, OR US","45.5958","-122.6093","5.8","2020-10-27","1.12",,"0.00","0.0","0.0","43","60","31","  150","  320","6.9","8.1"
"USW00024229","PORTLAND INTERNATIONAL AIRPORT, OR US","45.5958","-122.6093","5.8","2020-10-28","2.46",,"0.00","0.0","0.0","47","64","38","  280","  270","6.9","6.9"
"USW00024229","PORTLAND INTERNATIONAL AIRPORT, OR US","45.5958","-122.6093","5.8","2020-10-29","2.01",,"0.00","0.0","0.0","52","59","44","  110","  150","6.9","8.1"
"USW00024229","PORTLAND INTERNATIONAL AIRPORT, OR US","45.5958","-122.6093","5.8","2020-10-30","5.14",,"0.06","0.0","0.0","51","61","41","  310","  320","14.1","18.1"
"USW00024229","PORTLAND INTERNATIONAL AIRPORT, OR US","45.5958","-122.6093","5.8","2020-10-31","4.47",,"0.00","0.0","0.0","47","62","37","  300","  300","8.9","12.1"
"USW00024229","PORTLAND INTERNATIONAL AIRPORT, OR US","45.5958","-122.6093","5.8","2020-11-01","5.59",,"0.00","0.0","0.0","49","65","37","  130","  130","15.0","18.1"
"USW00024229","PORTLAND INTERNATIONAL AIRPORT, OR US","45.5958","-122.6093","5.8","2020-11-02","5.37",,"0.00","0.0","0.0","51","66","37","  120","  110","13.0","16.1"
"USW00024229","PORTLAND INTERNATIONAL AIRPORT, OR US","45.5958","-122.6093","5.8","2020-11-03","7.61",,"0.39","0.0","0.0","51","62","46","  200","  190","16.1","21.0"
"USW00024229","PORTLAND INTERNATIONAL AIRPORT, OR US","45.5958","-122.6093","5.8","2020-11-04","11.41",,"0.01","0.0","0.0","61","68","60","  210","  220","21.0","25.1"
"USW00024229","PORTLAND INTERNATIONAL AIRPORT, OR US","45.5958","-122.6093","5.8","2020-11-05","4.92",,"0.76","0.0","0.0","61","64","50","  320","  330","21.0","27.1"
"USW00024229","PORTLAND INTERNATIONAL AIRPORT, OR US","45.5958","-122.6093","5.8","2020-11-06","5.82",,"0.17","0.0","0.0","50","52","40","  320","  320","14.1","18.1"
"USW00024229","PORTLAND INTERNATIONAL AIRPORT, OR US","45.5958","-122.6093","5.8","2020-11-07","7.16",,"0.03","0.0","0.0","43","49","34","  280","  280","21.0","25.1"
"USW00024229","PORTLAND INTERNATIONAL AIRPORT, OR US","45.5958","-122.6093","5.8","2020-11-08","4.70",,"0.00","0.0","0.0","41","47","31","  320","  310","17.0","21.0"
"USW00024229","PORTLAND INTERNATIONAL AIRPORT, OR US","45.5958","-122.6093","5.8","2020-11-09","6.04",,"0.00","0.0","0.0","36","47","30","  210","  220","23.0","32.0"
"USW00024229","PORTLAND INTERNATIONAL AIRPORT, OR US","45.5958","-122.6093","5.8","2020-11-10","7.38",,"0.06","0.0","0.0","45","51","41","  230","  220","18.1","25.1"
"USW00024229","PORTLAND INTERNATIONAL AIRPORT, OR US","45.5958","-122.6093","5.8","2020-11-11","2.91",,"0.00","0.0","0.0","45","52","36","  290","  290","8.1","8.9"
"USW00024229","PORTLAND INTERNATIONAL AIRPORT, OR US","45.5958","-122.6093","5.8","2020-11-12","7.83",,"0.19","0.0","0.0","41","49","36","  120","  120","15.0","18.1"
"USW00024229","PORTLAND INTERNATIONAL AIRPORT, OR US","45.5958","-122.6093","5.8","2020-11-13","11.86",,"0.85","0.0","0.0","48","53","42","  190","  190","28.0","36.9"
"USW00024229","PORTLAND INTERNATIONAL AIRPORT, OR US","45.5958","-122.6093","5.8","2020-11-14","8.72",,"0.67","0.0","0.0","45","49","42","  110","  110","18.1","23.9"
"USW00024229","PORTLAND INTERNATIONAL AIRPORT, OR US","45.5958","-122.6093","5.8","2020-11-15","10.51",,"0.03","0.0","0.0","50","56","47","  190","  190","18.1","25.1"
"USW00024229","PORTLAND INTERNATIONAL AIRPORT, OR US","45.5958","-122.6093","5.8","2020-11-16","8.72",,"0.15","0.0","0.0","49","52","47","  110","  110","21.0","23.9"
"USW00024229","PORTLAND INTERNATIONAL AIRPORT, OR US","45.5958","-122.6093","5.8","2020-11-17","11.41",,"0.11","0.0","0.0","52","58","48","  190","  190","23.0","35.1"
"USW00024229","PORTLAND INTERNATIONAL AIRPORT, OR US","45.5958","-122.6093","5.8","2020-11-18","11.41",,"0.78","0.0","0.0","49","52","45","  200","  220","25.1","31.1"
"USW00024229","PORTLAND INTERNATIONAL AIRPORT, OR US","45.5958","-122.6093","5.8","2020-11-19","8.50",,"0.10","0.0","0.0","47","52","43","  200","  200","21.0","25.1"
"USW00024229","PORTLAND INTERNATIONAL AIRPORT, OR US","45.5958","-122.6093","5.8","2020-11-20","2.91",,"0.00","0.0","0.0","44","50","34","  300","  300","8.9","11.0"
"USW00024229","PORTLAND INTERNATIONAL AIRPORT, OR US","45.5958","-122.6093","5.8","2020-11-21","4.70",,"0.00","0.0","0.0","40","41","36","  310","  280","10.1","12.1"
"USW00024229","PORTLAND INTERNATIONAL AIRPORT, OR US","45.5958","-122.6093","5.8","2020-11-22","5.82",,"0.05","0.0","0.0","39","47","34","  120","  140","16.1","19.9"
"USW00024229","PORTLAND INTERNATIONAL AIRPORT, OR US","45.5958","-122.6093","5.8","2020-11-23","4.47",,"0.15","0.0","0.0","44","52","41","  240","  240","15.0","21.0"
"USW00024229","PORTLAND INTERNATIONAL AIRPORT, OR US","45.5958","-122.6093","5.8","2020-11-24","5.82",,"0.30","0.0","0.0","45","52","41","  300","  290","29.1","38.0"
"USW00024229","PORTLAND INTERNATIONAL AIRPORT, OR US","45.5958","-122.6093","5.8","2020-11-25","6.26",,"0.01","0.0","0.0","46","50","41","  210","  220","12.1","15.0"
"USW00024229","PORTLAND INTERNATIONAL AIRPORT, OR US","45.5958","-122.6093","5.8","2020-11-26","4.03",,"0.00","0.0","0.0","47","50","41","  200","  210","10.1","12.1"
"USW00024229","PORTLAND INTERNATIONAL AIRPORT, OR US","45.5958","-122.6093","5.8","2020-11-27","4.03",,"0.00","0.0","0.0","42","48","34","  160","  150","10.1","12.1"
"USW00024229","PORTLAND INTERNATIONAL AIRPORT, OR US","45.5958","-122.6093","5.8","2020-11-28","3.13",,"0.11","0.0","0.0","40","45","38","  310","  300","8.9","11.0"
"USW00024229","PORTLAND INTERNATIONAL AIRPORT, OR US","45.5958","-122.6093","5.8","2020-11-29","4.70",,"0.00","0.0","0.0","43","52","37","  140","  150","18.1","21.9"
"USW00024229","PORTLAND INTERNATIONAL AIRPORT, OR US","45.5958","-122.6093","5.8","2020-11-30","6.71",,"0.36","0.0","0.0","44","52","32","  250","  260","23.0","31.1"
"USW00024229","PORTLAND INTERNATIONAL AIRPORT, OR US","45.5958","-122.6093","5.8","2020-12-01","9.40",,"0.00","0.0","0.0","38","51","31","  100","   80","31.1","38.0"
"USW00024229","PORTLAND INTERNATIONAL AIRPORT, OR US","45.5958","-122.6093","5.8","2020-12-02","19.46",,"0.00","0.0","0.0","49","54","44","   90","  110","31.1","42.1"
"USW00024229","PORTLAND INTERNATIONAL AIRPORT, OR US","45.5958","-122.6093","5.8","2020-12-03","7.83",,"0.00","0.0","0.0","45","48","35","  110","  120","18.1","21.9"
"USW00024229","PORTLAND INTERNATIONAL AIRPORT, OR US","45.5958","-122.6093","5.8","2020-12-04","6.04",,"0.00","0.0","0.0","40","52","31","  110","  110","18.1","21.0"
"USW00024229","PORTLAND INTERNATIONAL AIRPORT, OR US","45.5958","-122.6093","5.8","2020-12-05","15.43",,"0.00","0.0","0.0","43","46","39","  110","  110","23.9","29.1"
"USW00024229","PORTLAND INTERNATIONAL AIRPORT, OR US","45.5958","-122.6093","5.8","2020-12-06","6.04",,"0.05","0.0","0.0","40","45","37","  120","  130","19.9","23.9"
"USW00024229","PORTLAND INTERNATIONAL AIRPORT, OR US","45.5958","-122.6093","5.8","2020-12-07","8.95",,"0.00","0.0","0.0","42","49","35","  110","  130","19.9","21.9"
"USW00024229","PORTLAND INTERNATIONAL AIRPORT, OR US","45.5958","-122.6093","5.8","2020-12-08","7.16",,"0.32","0.0","0.0","43","51","38","  120","  120","17.0","21.9"
"USW00024229","PORTLAND INTERNATIONAL AIRPORT, OR US","45.5958","-122.6093","5.8","2020-12-09","1.79",,"0.00","0.0","0.0","48","54","40","  290","  290","12.1","15.0"
"USW00024229","PORTLAND INTERNATIONAL AIRPORT, OR US","45.5958","-122.6093","5.8","2020-12-10","6.49",,"0.09","0.0","0.0","43","45","38","  180","  160","15.0","18.1"
"USW00024229","PORTLAND INTERNATIONAL AIRPORT, OR US","45.5958","-122.6093","5.8","2020-12-11","6.93",,"0.44","0.0","0.0","42","44","38","  110","  120","16.1","19.0"
"USW00024229","PORTLAND INTERNATIONAL AIRPORT, OR US","45.5958","-122.6093","5.8","2020-12-12","11.18",,"0.02","0.0","0.0","40","47","35","  100","  100","25.9","33.1"
"USW00024229","PORTLAND INTERNATIONAL AIRPORT, OR US","45.5958","-122.6093","5.8","2020-12-13","11.18",,"0.29","0.0","0.0","42","42","39","  110","  110","21.9","25.9"
"USW00024229","PORTLAND INTERNATIONAL AIRPORT, OR US","45.5958","-122.6093","5.8","2020-12-14","6.93",,"0.00","0.0","0.0","43","49","41","  110","  110","17.0","19.9"
"USW00024229","PORTLAND INTERNATIONAL AIRPORT, OR US","45.5958","-122.6093","5.8","2020-12-15","10.96",,"0.13","0.0","0.0","46","51","42","  200","  200","23.0","27.1"
"USW00024229","PORTLAND INTERNATIONAL AIRPORT, OR US","45.5958","-122.6093","5.8","2020-12-16","10.96",,"0.39","0.0","0.0","49","52","45","  110","  110","23.0","27.1"
"USW00024229","PORTLAND INTERNATIONAL AIRPORT, OR US","45.5958","-122.6093","5.8","2020-12-17","7.38",,"0.01","0.0","0.0","48","51","43","  210","  220","17.0","21.9"
"USW00024229","PORTLAND INTERNATIONAL AIRPORT, OR US","45.5958","-122.6093","5.8","2020-12-18","11.18",,"0.11","0.0","0.0","47","53","45","  200","  200","23.0","30.0"
"USW00024229","PORTLAND INTERNATIONAL AIRPORT, OR US","45.5958","-122.6093","5.8","2020-12-19","11.41",,"0.40","0.0","0.0","51","55","49","  190","  200","23.0","31.1"
"USW00024229","PORTLAND INTERNATIONAL AIRPORT, OR US","45.5958","-122.6093","5.8","2020-12-20","3.80",,"1.43","0.0","0.0","53","57","48","  210","  210","17.0","23.9"
"USW00024229","PORTLAND INTERNATIONAL AIRPORT, OR US","45.5958","-122.6093","5.8","2020-12-21","13.87",,"0.33","0.0","0.0","53","62","43","  300","  200","30.0","38.0"
"USW00024229","PORTLAND INTERNATIONAL AIRPORT, OR US","45.5958","-122.6093","5.8","2020-12-22","6.71",,"0.06","0.0","0.0","46","49","33","  250","  260","18.1","23.0"
"USW00024229","PORTLAND INTERNATIONAL AIRPORT, OR US","45.5958","-122.6093","5.8","2020-12-23","4.25",,"0.00","0.0","0.0","39","47","31","  290","  290","10.1","13.0"
"USW00024229","PORTLAND INTERNATIONAL AIRPORT, OR US","45.5958","-122.6093","5.8","2020-12-24","9.62",,"0.00","0.0","0.0","39","46","29","  130","  140","18.1","21.9"
"USW00024229","PORTLAND INTERNATIONAL AIRPORT, OR US","45.5958","-122.6093","5.8","2020-12-25","11.86",,"0.54","0.0","0.0","40","41","37","  120","  120","25.9","32.0"
"USW00024229","PORTLAND INTERNATIONAL AIRPORT, OR US","45.5958","-122.6093","5.8","2020-12-26","10.51",,"0.03","0.0","0.0","43","52","38","  110","  210","18.1","21.9"
"USW00024229","PORTLAND INTERNATIONAL AIRPORT, OR US","45.5958","-122.6093","5.8","2020-12-27","8.95",,"0.01","0.0","0.0","46","50","40","  110","  120","15.0","17.0"
"USW00024229","PORTLAND INTERNATIONAL AIRPORT, OR US","45.5958","-122.6093","5.8","2020-12-28","4.47",,"0.00","0.0","0.0","39","46","29","  280","  280","10.1","12.1"
"USW00024229","PORTLAND INTERNATIONAL AIRPORT, OR US","45.5958","-122.6093","5.8","2020-12-29","3.36",,"0.03","0.0","0.0","34","41","27","  110","  100","15.0","17.0"
"USW00024229","PORTLAND INTERNATIONAL AIRPORT, OR US","45.5958","-122.6093","5.8","2020-12-30","11.63"," 0807","0.39",,,"41","49","39","  140","  140","23.0","27.1"
"USW00024229","PORTLAND INTERNATIONAL AIRPORT, OR US","45.5958","-122.6093","5.8","2020-12-31","12.30",,"0.02","0.0","0.0","48","54","47","  200","  210","21.9","25.9"
